Export Date,Contact Name,Email,Phone,Job Title,Business Name,Website,Category,Review Count,Review Rating,Address,Status,Description,Place ID
2026-08-02 21:08:33,Info/Office,,+16613200037,General Contact,Rooter Hero Plumbing & Air,https://rooterhero.com/plumber-santa-clarita-ca-plumbing-repair-service,"Plumber, Air conditioning repair service, Drainage service, HVAC contractor",196,4.7,"24044 Newhall Ave Unit 101, Santa Clarita, CA 91321, United States",,,ChIJ3RjL8zeHwoARM-zxqaANVdw
2026-08-02 21:08:33,Info/Office,,+16612182299,General Contact,Yochim Plumbing,,"Plumber, Contractor",597,4.8,"27377 Sierra Hwy, Canyon Country, CA 91351, United States",,,ChIJNZcz6YuIwoARM-2Zygh3VFY
2026-08-02 21:08:33,Info/Office,,+18182934210,General Contact,Most Valuable Plumber,https://mvp-plumbing.com/Santa-Clarita/?utm_source=GBP&utm_medium=organic,"Plumber, Air conditioning contractor, Air conditioning repair service, Drainage service, Electrical installation service, Gasfitter, Hot water system supplier, HVAC contractor, Water purification company, Water softening equipment supplier",168,4.9,"22924 Lyons Ave Unit 208, Santa Clarita, CA 91321, United States",,,ChIJE5dafUWHwoARu9hskREU_EE
2026-08-02 21:08:33,Info/Office,,+16612559611,General Contact,The Plumbologist,http://theplumbologist.com/,Plumber,12,4.3,"24881 Railroad Ave Unit D, Santa Clarita, CA 91321, United States",,,ChIJU_7y5fWGwoAREK9izanUlqI
2026-08-02 21:08:33,Info/Office,,+16612636519,General Contact,Plumbing By Kirk Inc.,http://www.plumbingbykirk.com/,Plumber,60,4.9,"25133 Ave Tibbitts Unit D, Valencia, CA 91355, United States",,,ChIJ6VF4tqSHwoAR-Hlxbeq4e2s
2026-08-02 21:08:33,Info/Office,,+16612515646,General Contact,John Murray Plumbing,http://www.johnmurrayplumbing.com/,"Plumber, Pump supplier, Septic system service",72,4.6,"16387 Sierra Hwy, Canyon Country, CA 91351, United States",,,ChIJyVHGw7iJwoARetMWcjIhxxA
2026-08-02 21:08:33,Info/Office,,+16612996707,General Contact,Matthew's Plumbing Inc,http://www.callmatthewsplumbing.com/,Plumber,33,4.8,"Santa Clarita, CA 91321, United States",,,ChIJ0f31SoiHwoARSvlNAbY4TcQ
2026-08-02 21:08:33,Info/Office,,+16613831002,General Contact,CastleWorks Home Services,https://castleworks.com/santa-clarita/?utm_source=GBP&utm_medium=organic,Plumber,1715,4.7,"28358 Constellation Rd #698, Valencia, CA 91355, United States",,,ChIJ5a307smewoARLtAYAWDWDlg
2026-08-02 21:08:33,Info/Office,,+17472518586,General Contact,Art & Team Plumbing Service,http://artandteam.com/,"Plumber, Contractor, Drainage service, Gas installation service, Gasfitter, Hot water system supplier",134,5.0,"26725 Schrey Pl, Santa Clarita, CA 91351, United States",,,ChIJuycKyWzKQUYRuxtv7loKQy0
2026-08-02 21:08:33,Info/Office,,+16615262391,General Contact,Talmadge Plumbing & Drain,https://talmadgeplumbingdrain.com/,Plumber,26,5.0,"25129 The Old Rd Ste 760, Stevenson Ranch, CA 91381, United States",,,ChIJtxdQhbiGwoAR3KYOmMYURyw
2026-08-02 21:08:33,Info/Office,,+16612949393,General Contact,Heys Plumbing,http://www.heysplumbing.com/,Plumber,76,4.5,"24730 Ave Tibbitts, Santa Clarita, CA 91355, United States",,,ChIJ6bcY9ViHwoARJvYXHaSNVYE
2026-08-02 21:08:33,Info/Office,amex.group.la@gmail.com,+18189154634,General Contact,Amex Plumbing,https://amexplumbing.com/,Plumber,51,4.9,"24658 Montevista Cir, Santa Clarita, CA 91354, United States",,,ChIJ28jooFrAGgIRF8t8kblAeYs
2026-08-02 21:08:33,Info/Office,,+16613092549,General Contact,Sewer Inspection Pros,https://www.sewerinspectionpros.com/,"Plumber, Drainage service, Service establishment",137,5.0,,,,ChIJJ2W9lc-iP0ARA6LAwzCnYL8
2026-08-02 21:08:33,Info/Office,,+16612841681,General Contact,Ferguson Plumbing Supply,https://www.ferguson.com/store/ca/newhall/plumbingpvf-0616?utm_source=google&utm_medium=organic&utm_campaign=rt_lis_listingtraffic&utm_content=listing,"Plumbing supply store, Bathroom supply store, Hardware store, Home improvement store, Industrial equipment supplier, Insulation contractor, Safety equipment supplier, Wholesaler",44,4.2,"23950 Newhall Ave, Newhall, CA 91321, United States",,,ChIJA6hdoEZx1oYRbAIp1Jct6UA
2026-08-02 21:08:33,Info/Office,,+16618880886,General Contact,Tommy’s Plumbing and Rooter,,Plumber,5,4.6,"25852 McBean Pkwy #754, Santa Clarita, CA 91355, United States",,,ChIJe6ZwJkGHwoARdO1BD6oMmiQ
2026-08-02 21:08:33,Info/Office,,+18183627827,General Contact,All Star Plumbing & Rooter Inc.,http://www.allplumbingandrooter.com/,Plumber,26,4.7,"14851 Sierra Hwy, Santa Clarita, CA 91390, United States",,,ChIJf4zVPtEYZk0R9WRaJMG6wss
2026-08-02 21:08:33,Info/Office,,+16614257920,General Contact,Jacques Wylan Plumbing,https://www.jacqueswylanplumbing.com/,"Plumber, Drainage service, Service establishment",13,5.0,,,,ChIJmSZaJqCHwoARVTTcxZG8pEQ
2026-08-02 21:08:33,Info/Office,info@thebestqualityplumbing.com,+18182825846,General Contact,Best Quality Plumbing Services,https://thebestqualityplumbing.com/,"Plumber, Drainage service",158,4.8,"15150 Roxford St #406, Sylmar, CA 91342, United States",,,ChIJ05RpjM-QwoARmuNrCA-b1SM
2026-08-02 21:08:33,Info/Office,,+16612355878,General Contact,BluePoint Plumbing,https://bluepointplumbers.com/,"Plumber, Drainage service, Gas installation service",56,5.0,"15871 Baker Canyon Rd, Santa Clarita, CA 91390, United States",,,ChIJmfn6qYxth6MRdc9j_L6UvH0
2026-08-02 21:08:33,Info/Office,,+16616277069,General Contact,Drain Brothers Inc,https://drainbrothersplumbing.com/,Plumber,318,5.0,"14351 Rushmore Ct, Canyon Country, CA 91387, United States",,,ChIJXQ6Up-eRwoARUOXi90cZJKA
2026-08-02 21:08:33,Info/Office,,+16612337719,General Contact,Compass Plumbing Inc,,"Plumber, Service establishment",21,4.6,,,,ChIJUTtHOVvI1CwRLJwBeEmW7Pc
2026-08-02 21:08:33,Info/Office,,+18182387763,General Contact,TopLine Plumbing,https://lp.topline.plumbing/,"Plumber, Service establishment",53,4.9,,,,ChIJYUeJCg5uaWARS798Pb73bq4
2026-08-02 21:08:33,Info/Office,,+16613445400,General Contact,Water Damage Services Santa Clarita,,Water damage restoration service,8,4.5,"23632 Lyons Ave, Santa Clarita, CA 91321, United States",,,ChIJGcRlBD6HwoARsqzPvUthC80
2026-08-02 21:08:33,Info/Office,,+17472987082,General Contact,Turbo Plumbing and Rooter,https://www.turboplumbingandrooter.com/,"Plumber, Service establishment",125,5.0,,,,ChIJgzl-33No8kcROleNnsEDcG0
2026-08-02 21:08:33,Info/Office,,+18186447060,General Contact,Triple S Plumbing,,Plumber,120,3.9,"18723 Via Princessa, Santa Clarita, CA 91387, United States",,,ChIJoRJ4tZSIwoAR03tFmauggJw
2026-08-02 21:08:33,Info/Office,,+16617029988,General Contact,Hallway Plumbing & Drain Service,http://www.hallwayplumbing.com/,Plumber,2,5.0,"26352 Ruether Ave, Santa Clarita, CA 91350, United States",,,ChIJYcbd-3CHwoAR42xMK_mQf-8
2026-08-02 21:08:33,Info/Office,,+18183356867,General Contact,Kate & Max LLC,,Handyman/Handywoman/Handyperson,4,5.0,"23771 Vía Canon, Santa Clarita, CA 91321, United States",,,ChIJg79bqZsRAwoRJV3lva1Z1QY
2026-08-02 21:08:33,Info/Office,,+16615055769,General Contact,JTC Plumbing inc.,,"Plumber, Service establishment",1,5.0,,,,ChIJCw5GrZWIlgQRIjeHfidwsUc
2026-08-02 21:08:33,Info/Office,cacertified@yahoo.com,+18184704456,General Contact,Flores Plumbing,http://www.floresplumbing.blogspot.com/,Plumber,3,3.7,"16036 Baker Canyon Rd, Santa Clarita, CA 91390, United States",,,ChIJrTHDAcCJwoARPFjhI6JVPYY
2026-08-02 21:08:33,Info/Office,,+16615500335,General Contact,Rowland Air,https://www.rowlandair.com/?utm_source=google-gbp&utm_medium=organic&utm_campaign=*178*rowland-air-canyon-country,"HVAC contractor, Air conditioning contractor, Air conditioning repair service, Heating contractor",2242,4.9,"17007 Sierra Hwy, Canyon Country, CA 91351, United States",,,ChIJ43wSr6yJwoARW6WOC58F9zA
2026-08-02 21:08:33,Info/Office,,+16614107664,General Contact,California's Handyman,http://californiashandyman.com/,"Handyman/Handywoman/Handyperson, Bathroom remodeler, Deck builder, Flooring contractor, HVAC contractor, Kitchen remodeler, Masonry contractor, Painting, Plumber, Roofing contractor",4,4.8,"14770 Begonias Ln, Santa Clarita, CA 91387, United States",,,ChIJBVK9zX-JwoAR6lbY43GyEHI
2026-08-02 21:08:33,Info/Office,blueplumbing@yahoo.com,+16617141891,General Contact,Blue Crew Plumbing,http://bluecrewplumbing.com/,Plumber,40,4.9,"28127 Gibraltar Ln, Castaic, CA 91384, United States",,,ChIJ___DEqt_woARHYdCOqNdOkI
2026-08-02 21:08:33,Info/Office,,+16612969678,General Contact,Mike Wooley Plumbing,http://www.mikewooleyplumbing.net/,Plumber,11,5.0,"28640 Darrow Ave, Santa Clarita, CA 91390, United States",,,ChIJMY4Pn1F9woAR_vHZc-CqGW4
2026-08-02 21:08:33,Info/Office,,+18555056225,General Contact,"Local Plumbers, Inc.",https://localplumbersla.com/,"Plumber, Drainage service, Gas installation service, Gasfitter, Water testing service",182,5.0,"14967 Oswald St, Sylmar, CA 91342, United States",,,ChIJnd5sWG6PwoARR2mq7lj94g4
2026-08-02 21:08:33,Info/Office,,+18186606069,General Contact,Dial 4 Plumbing Inc.,,"Plumber, Service establishment",17,5.0,,,,ChIJ6S60ccAuHyoRGZgk-ZBC53Q
2026-08-02 21:08:33,Info/Office,,+18188335649,General Contact,AnJ Plumbing,https://anjplumbing.com/,"Plumber, Service establishment",14,4.9,,,,ChIJWwhim5SPwoARN0uJbctQ140
2026-08-02 21:08:33,Info/Office,,+18183893795,General Contact,Flowfix plumbing services,,"Plumber, Service establishment",5,5.0,,,,ChIJPQGL7K4woWMR8xcwwtqGjQY
2026-08-02 21:08:33,Info/Office,,+18184505937,General Contact,"LeadingEdge Plumbing & Rooter, Inc.",http://leadingedgeplumbing.com/?utm_source=GBP&utm_medium=organic,"Plumber, Drainage service, Gas installation service, Gasfitter, Hot water system supplier, Water filter supplier, Water pump supplier, Water softening equipment supplier",1017,4.9,"12300 Foothill Blvd, Sylmar, CA 91342, United States",,,ChIJ17eauumPwoARBEl1YZzQ2rk
2026-08-02 21:08:33,Info/Office,,+18182093389,General Contact,Silvas Plumbing,,Plumber,8,5.0,"13926 Tyler St, Sylmar, CA 91342, United States",,,ChIJb-yqBTWOwoARLdZ21roSBbM
2026-08-02 21:08:33,Info/Office,,+18183679944,General Contact,C S A Plumbing & Rooter,,"Plumber, Bathroom remodeler, Contractor, Service establishment, Kitchen remodeler",11,4.5,,,,ChIJj0D5aTCOwoAR3-Er5rJbbn8
2026-08-02 21:08:33,Info/Office,,+18182773022,General Contact,Sewer Flow Plumbing,https://www.sewerflowplumbing.com/,"Plumber, Service establishment",2,3.0,,,,ChIJ3x-lzL3pD2QR6ekQpv_Mt_c
2026-08-02 21:08:33,Info/Office,,+17472799595,General Contact,CaliPro Home services & PLUMBING,http://caliproservices.com/,"Plumber, Appliance repair service, Dry wall contractor, Flooring contractor, Painting, Small appliance repair service",17,5.0,"17350 Humphreys Pkwy 3rd floor office 14, Canyon Country, CA 91387, United States",,,ChIJD-YZqWGJwoARF5Hq0D5oB30
2026-08-02 21:08:33,Info/Office,,+18186004580,General Contact,Side City Plumbing,http://www.sidecityplumbing.com/,Plumber,6,3.0,"12961 Gladstone Ave, Sylmar, CA 91342, United States",,,ChIJmdccRNmRwoARCkO0UHDlq0o
2026-08-02 21:08:33,Info/Office,,+16618874512,General Contact,Yochim Plumbing & Water Heater Repair,,Plumber,14,5.0,"27450 Tourney Rd Ste 788, Valencia, CA 91355, United States",,,ChIJuRKmHROHwoAR_Y6OnyoNZ-M
2026-08-02 21:08:33,Info/Office,contact@layoutplumbing.com,+16616445920,General Contact,Layout Plumbing,http://layoutplumbing.com/,Plumber,73,5.0,"29720 Driver Ave, Val Verde, CA 91384, United States",,,ChIJ2Xbq7d87UmcRXSkvFeH1dCw
2026-08-02 21:08:33,Info/Office,,+16614817901,General Contact,Swift Plumbers Valencia CA,,Plumber,9,5.0,"24335 Magic Mountain Pkwy, Valencia, CA 91355, United States",,,ChIJOeaEFBiHwoARgVxK0tpdqiU
2026-08-02 21:08:33,Info/Office,office@fleetwellusa.com,+16612147480,General Contact,"Fleetwell Air Conditioning, Heating and Plumbing",https://www.fleetwellusa.com/locations/valencia-hvac/,"HVAC contractor, Air conditioning contractor, Air conditioning repair service, Air duct cleaning service, Furnace repair service, Heating contractor, Plumber",152,4.8,"25350 Magic Mountain Pkwy Ste 300, Valencia, CA 91355, United States",,,ChIJOQSOBhGKpYkR6Byj7oI2H-E
2026-08-02 21:08:33,Info/Office,,+16614031790,General Contact,The Santa Clarita Plumbing Specialists,,"Plumber, Service establishment",0,0.0,,,,ChIJkyhkKNqHwoARaGcOpCVMNnc
2026-08-02 21:08:33,Info/Office,vincevbg@hotmail.com,+16612128428,General Contact,Glenn Construction,https://glennconstructionca.com/,"General contractor, Bathroom remodeler, Kitchen remodeler",15,5.0,"25399 The Old Rd #16-306, Stevenson Ranch, CA 91381, United States",,,ChIJQ0I-MMmGwoARgYp6XeR1FH4
2026-08-02 21:08:33,Info/Office,,+16612997787,General Contact,DBI Solutions Premium Handyman Services Exclusively for the SCV,http://www.dbisolutions.org/,"Handyman/Handywoman/Handyperson, Construction company, Service establishment, Home improvement store, Property maintenance, Remodeler",105,5.0,,,,ChIJ72fgY_GR1gQRIma1Q2Aww9A
2026-08-02 21:08:33,Info/Office,,+16612592616,General Contact,Allen Plumbing,,Plumber,12,4.0,"24848 Railroad Ave, Newhall, CA 91321, United States",,,ChIJXW--YV-GwoARZVeWVhhrZFk
2026-08-02 21:08:33,Info/Office,,+16612968640,General Contact,Larsen Plumbing,,"Plumber, Service establishment",0,0.0,,,,ChIJuR9xjdmHwoAR1oyqcvTMb9g
2026-08-02 21:08:33,Info/Office,aquamanleakdetection@gmail.com,+18772208414,General Contact,Aquaman Leak Detection,http://www.aquamanleakdetection-ca.com/,"Swimming pool repair service, Home inspector, Plumber",1,5.0,"25233 Vía Sistine, Valencia, CA 91355, United States",,,ChIJQfYdZuuGwoARfroiZpvwpyQ
2026-08-02 21:08:33,Info/Office,info@turboplumbingandrooter.com,+17472987082,General Contact,Turbo Plumbing and Rooter,https://www.turboplumbingandrooter.com/,"Plumber, Service establishment",125,5.0,,,,ChIJgzl-33No8kcROleNnsEDcG0
2026-08-02 21:08:33,Info/Office,,+16616057046,General Contact,Paul Davis Restoration of Santa Clarita,https://santaclarita.pauldavis.com/?utm_campaign=gmb&utm_medium=organic&utm_source=google,"Water damage restoration service, Bathroom remodeler, Building restoration service, Fire damage restoration service, Kitchen remodeler, Photo restoration service",94,4.9,"24877 Ave Rockefeller, Santa Clarita, CA 91355, United States",,,ChIJ5fados-HwoARSmTxLBOz2FY
2026-08-02 21:08:33,Info/Office,,+16612690308,General Contact,Econo-West Air Santa Clarita,http://www.econowesthvac.com/,"Contractor, Air conditioning contractor, Air duct cleaning service, Auto air conditioning service, Service establishment, Furnace parts supplier, Heating contractor, HVAC contractor",6,5.0,,,,ChIJ_38Zi0aHwoARDEduT_GDi1g
2026-08-02 21:08:33,Info/Office,,+16617322483,General Contact,Patriot Heating & Air,https://www.patriotac.com/?utm_source=GBP&utm_medium=organic,"HVAC contractor, Air conditioning contractor, Air conditioning repair service, Heating contractor",182,4.9,"25201 Ave Tibbitts #215, Santa Clarita, CA 91355, United States",,,ChIJ0QJzbM-HwoARDD4btlh9rbI
2026-08-02 21:08:33,Info/Office,service@aaafacilityservices.com,+18008924784,General Contact,AAA Facility Services,http://www.aaafacilityservices.com/,Contractor,19,4.2,"25007 Anza Dr, Valencia, CA 91355, United States",,,ChIJ6w49T1aHwoAR6-GKh5keucc
2026-08-02 21:08:33,Info/Office,davestile87@gmail.com,+18188497012,General Contact,Dave Walter Flooring Kitchens And Baths,http://davewalterflooringkitchensbaths.com/,"Flooring store, Bathroom remodeler, Countertop store, Flooring contractor, Kitchen remodeler, Remodeler, Tile contractor, Wood floor installation service",28,4.9,"23001 Soledad Canyon Rd, Santa Clarita, CA 91350, United States",,,ChIJKw7WXsqHwoAR6qRsfoncvCo
2026-08-02 21:08:33,Info/Office,flags@2x.ck7nhwq8.webp,+18188497012,General Contact,Dave Walter Flooring Kitchens And Baths,http://davewalterflooringkitchensbaths.com/,"Flooring store, Bathroom remodeler, Countertop store, Flooring contractor, Kitchen remodeler, Remodeler, Tile contractor, Wood floor installation service",28,4.9,"23001 Soledad Canyon Rd, Santa Clarita, CA 91350, United States",,,ChIJKw7WXsqHwoAR6qRsfoncvCo
2026-08-02 21:08:33,Info/Office,,+16614170908,General Contact,American Craftsman,https://www.americancraftsman.net/?utm_source=GMB&utm_medium=organic&utm_campaign=santaclarita,"General contractor, Water damage restoration service",157,4.9,"26074 Ave Hall Unit 10, Santa Clarita, CA 91355, United States",,,ChIJRWzvC7F_woARSj5EB0p2dPc
2026-08-02 21:08:33,Info/Office,,+16612619148,General Contact,Santa Clarita Commercial Water Damage Restoration,,Water damage restoration service,14,4.9,"21700 Golden Triangle Rd #3360, Santa Clarita, CA 91350, United States",,,ChIJF09y_veHwoARwrJc7iNdRxs
2026-08-02 21:08:33,Info/Office,info@elevateprorestoration.com,+17472334888,General Contact,Elevate Pro Restoration,https://elevateprorestoration.com/,Water damage restoration service,1,5.0,"25350 Magic Mountain Pkwy Ste 300, Valencia, CA 91355, United States",,,ChIJ98yErSmHwoAR6_EFRgXTNS4
2026-08-02 21:08:33,Info/Office,elevateprorestoration@gmail.com,+17472334888,General Contact,Elevate Pro Restoration,https://elevateprorestoration.com/,Water damage restoration service,1,5.0,"25350 Magic Mountain Pkwy Ste 300, Valencia, CA 91355, United States",,,ChIJ98yErSmHwoAR6_EFRgXTNS4
2026-08-02 21:08:33,Info/Office,,+16617758981,General Contact,Johnstone Supply,https://www.johnstonesupply.com/store520/,"Heating equipment supplier, Air conditioning system supplier",20,3.9,"25027 Anza Dr, Santa Clarita, CA 91355, United States","Heating, ventilation & refrigerators","Wholesale chain providing a large selection of HVAC & refrigeration parts, supplies & equipment.",ChIJwUNKalaHwoAR_0wzCwvsf-s
2026-08-02 21:08:33,Info/Office,,+16613479099,General Contact,MK Engineering,,Engineering consultant,0,0.0,"24355 Creekside Rd #800031, Santa Clarita, CA 91355, United States",,,ChIJb2nAWDBMoEURzn-hePnSmQo
2026-08-02 21:08:33,Info/Office,,+16612593373,General Contact,"Magic Maintenance, Inc.",https://www.magicmaintenanceinc.com/,"Construction company, Bathroom remodeler, Contractor, Kitchen remodeler, Painting, Remodeler, Water damage restoration service",26,4.6,"24840 Ave Rockefeller, Valencia, CA 91355, United States",,,ChIJGdrNd1qHwoAR97KNTKrJ0Gs
2026-08-02 21:08:33,Info/Office,,+16612575950,General Contact,Hirsch Pipe & Supply,https://hirsch.com/,"Plumbing supply store, Bathroom supply store, Hardware store, Hot water system supplier, Pipe supplier",4,5.0,"28323 Kelly Johnson Pkwy, Valencia, CA 91355, United States",,,ChIJw4q8JgB_woARDQoEghmDaWY
2026-08-02 21:08:33,Info/Office,,+16615545585,General Contact,Wise Choice Heating & AC Repair,,Air conditioning contractor,7,5.0,"26445 Bouquet Canyon Rd Ste A-5, Santa Clarita, CA 91350, United States",,,ChIJpSdNu82B54gRQhV1B8iQ6Qs
2026-08-02 21:08:33,Info/Office,info@dedonarestoration.com,+16614810150,General Contact,Dedona Restoration,https://dedonarestoration.com/,"Water damage restoration service, Building restoration service, Fire damage restoration service",59,4.9,"28170 Ave Crocker, Santa Clarita, CA 91355, United States",,,ChIJQUSUHaaHwoARdLRssJe48Zg
2026-08-02 21:08:33,Info/Office,info@svmbyers.com,+16612999090,General Contact,ServiceMaster,https://www.servicemasterrestore.com/servicemaster-fire-and-water-restoration-by-ers/,"Water damage restoration service, Fire damage restoration service",6,5.0,"24922 Anza Dr B, Santa Clarita, CA 91355, United States",,,ChIJyWelthZ-woARwJ7g_T0WnFg
2026-08-02 21:08:33,Info/Office,krist@svmbyers.com,+16612999090,General Contact,ServiceMaster,https://www.servicemasterrestore.com/servicemaster-fire-and-water-restoration-by-ers/,"Water damage restoration service, Fire damage restoration service",6,5.0,"24922 Anza Dr B, Santa Clarita, CA 91355, United States",,,ChIJyWelthZ-woARwJ7g_T0WnFg
2026-08-02 21:08:33,Info/Office,,+16267888260,General Contact,New Image Plumbing & Rooter,https://www.niplumbing.com/,"Plumber, Service establishment, Septic system service",0,0.0,,,,ChIJ54y8PFfJkAYR6KbEv3N88ic
2026-08-02 21:08:33,Info/Office,aircrewhvac@gmail.com,+16614306644,General Contact,Air Crew,http://aircrewhvac.com/,HVAC contractor,447,4.9,"27720 Avenue Scott Ste 140, Santa Clarita, CA 91355, United States",,,ChIJVVXJlyqBwoARcyhraSMtz14
2026-08-02 21:08:33,Info/Office,,+18189460177,General Contact,Rowland Air,https://www.rowlandair.com/?utm_source=google-gbp&utm_medium=organic&utm_campaign=*178*rowland-air-canyon-country,"HVAC contractor, Air conditioning contractor, Air conditioning repair service, Heating contractor",2242,4.9,"17007 Sierra Hwy, Canyon Country, CA 91351, United States",,,ChIJ43wSr6yJwoARW6WOC58F9zA
2026-08-02 21:08:33,Info/Office,,+16612880459,General Contact,RAY COX A/C INC.,http://www.coxairconditioning.com/,Air conditioning contractor,26,4.8,"25412 Eagle Ln, Valencia, CA 91381, United States",,,ChIJn17daLWAwoARITD5n8K4ShM
2026-08-02 21:08:33,Info/Office,info@fixtime.pro,+19096988788,General Contact,Fix Time LLC,https://fixtime.pro/,"Appliance repair service, Small appliance repair service",44,5.0,"25343 Silver Aspen Way, Stevenson Ranch, CA 91381, United States",,,ChIJW1RiL-nBwoARPnGWgKDbSh4
2026-08-02 21:08:33,Info/Office,,+12133782193,General Contact,WTP Construction Santa Clarita,https://wtpconstructionsantaclarita.com/,Contractor,5,5.0,"25000 Avenue Stanford, Santa Clarita, CA 91355, United States",,,ChIJGWiVrSO5woARGA-J7_bhzk0
2026-08-02 21:08:33,Info/Office,,+16612007635,General Contact,SafeShore Hydro Jetting's Systems,,Pressure washing service,1,5.0,"25637 Dorado Dr, Santa Clarita, CA 91355, United States",,,ChIJc06HjFmHwoARIVVJJkC5OFw
2026-08-02 21:08:33,Info/Office,makeitrayne@raynewater.com,+16612572963,General Contact,Rayne Water,https://www.raynewater.com/santaclarita/?utm_source=GMBlisting&utm_medium=organic,"Water purification company, Bottled water supplier, Plumber, Water filter supplier, Water softening equipment supplier, Water testing service",194,4.6,"25702 Rye Canyon Rd #E, Valencia, CA 91355, United States",,,ChIJsebUh999woAR0PiXhJoJ4sI
2026-08-02 21:08:33,Info/Office,ken.christopher@raynewater.com,+16612572963,General Contact,Rayne Water,https://www.raynewater.com/santaclarita/?utm_source=GMBlisting&utm_medium=organic,"Water purification company, Bottled water supplier, Plumber, Water filter supplier, Water softening equipment supplier, Water testing service",194,4.6,"25702 Rye Canyon Rd #E, Valencia, CA 91355, United States",,,ChIJsebUh999woAR0PiXhJoJ4sI
2026-08-02 21:08:33,Info/Office,bvessey@raynewater.com,+16612572963,General Contact,Rayne Water,https://www.raynewater.com/santaclarita/?utm_source=GMBlisting&utm_medium=organic,"Water purification company, Bottled water supplier, Plumber, Water filter supplier, Water softening equipment supplier, Water testing service",194,4.6,"25702 Rye Canyon Rd #E, Valencia, CA 91355, United States",,,ChIJsebUh999woAR0PiXhJoJ4sI
2026-08-02 21:08:33,Info/Office,dsilver@raynewater.com,+16612572963,General Contact,Rayne Water,https://www.raynewater.com/santaclarita/?utm_source=GMBlisting&utm_medium=organic,"Water purification company, Bottled water supplier, Plumber, Water filter supplier, Water softening equipment supplier, Water testing service",194,4.6,"25702 Rye Canyon Rd #E, Valencia, CA 91355, United States",,,ChIJsebUh999woAR0PiXhJoJ4sI
2026-08-02 21:08:33,Info/Office,cgonzalez@raynewater.com,+16612572963,General Contact,Rayne Water,https://www.raynewater.com/santaclarita/?utm_source=GMBlisting&utm_medium=organic,"Water purification company, Bottled water supplier, Plumber, Water filter supplier, Water softening equipment supplier, Water testing service",194,4.6,"25702 Rye Canyon Rd #E, Valencia, CA 91355, United States",,,ChIJsebUh999woAR0PiXhJoJ4sI
2026-08-02 21:08:33,Info/Office,marketing@2pointagency.com,+16612572963,General Contact,Rayne Water,https://www.raynewater.com/santaclarita/?utm_source=GMBlisting&utm_medium=organic,"Water purification company, Bottled water supplier, Plumber, Water filter supplier, Water softening equipment supplier, Water testing service",194,4.6,"25702 Rye Canyon Rd #E, Valencia, CA 91355, United States",,,ChIJsebUh999woAR0PiXhJoJ4sI
2026-08-02 21:08:33,Info/Office,,+16614016881,General Contact,Clemmer Services,https://www.clemmerservicesinc.com/santa-clarita/,"HVAC contractor, Air conditioning contractor, Air conditioning repair service, Air conditioning system supplier, Furnace repair service, Heating contractor",70,4.8,"26470 Ruether Ave Unit 108, Santa Clarita, CA 91350, United States",,,ChIJq5GeHpqHwoARNIrpcOFu_N8
2026-08-02 21:08:33,Info/Office,,+16614617489,General Contact,Dry Masters,http://drymasterssantaclarita.com/,Water damage restoration service,5,5.0,"25350 Magic Mountain Pkwy Ste 300c, Valencia, CA 91355, United States",,,ChIJB2RTCEyHwoARUmHFSRenZe4
2026-08-02 21:08:33,Info/Office,,+16612592616,General Contact,H2o Plumbing,,Plumber,9,5.0,"21618 Golden Triangle Rd Ste 112, Santa Clarita, CA 91350, United States",,,ChIJXe4lbdOUDo8RKDQv2_Yxzu4
2026-08-02 21:08:33,Info/Office,info@gavinaplumbing.net,+18187236892,General Contact,GAVINA PLUMBING INC.,https://gavinaplumbing.net/,Construction company,2,5.0,"26911 Ruether Ave unit N, Santa Clarita, CA 91351, United States",,,ChIJY0G82aSRwoAR8_WoFNE6yvI
2026-08-02 21:08:33,Info/Office,,+16618853333,General Contact,Ferguson Plumbing Supply,https://www.ferguson.com/store/ca/newhall/plumbingpvf-0616?utm_source=google&utm_medium=organic&utm_campaign=rt_lis_listingtraffic&utm_content=listing,"Plumbing supply store, Bathroom supply store, Hardware store, Home improvement store, Industrial equipment supplier, Insulation contractor, Safety equipment supplier, Wholesaler",44,4.2,"23950 Newhall Ave, Newhall, CA 91321, United States",,,ChIJA6hdoEZx1oYRbAIp1Jct6UA
2026-08-02 21:08:33,Info/Office,,+19192389459,General Contact,24 Hour Flood Pros,https://www.24hourfloodpros.com/,"Water damage restoration service, Service establishment",702,5.0,,,,ChIJfWOXoLgzca4RlnKARKMTPiw
2026-08-02 21:08:33,Info/Office,,+16613650119,General Contact,Bell Valencia,https://www.bellvalencia.com/?utm_source=google+local&utm_medium=organic&utm_campaign=website+link+beacon,"Apartment complex, Apartment building",127,4.5,"24640 Town Center Dr, Santa Clarita, CA 91355, United States",Dogs allowed,,ChIJFb6W90aHwoARbVtSfwDHoq0
2026-08-02 21:08:33,Info/Office,,+16612573600,General Contact,Ewing Outdoor Supply,http://www.ewingoutdoorsupply.com/,"Landscaping supply store, Irrigation equipment supplier",15,4.5,"27726 Avenue Hopkins, Valencia, CA 91355, United States",,,ChIJl5lhAnCHwoARSR_KDWnyIQs
2026-08-02 21:08:33,Info/Office,,+16612124552,General Contact,A & M Recycling & Scrap Metal,https://a-m-scrap-metal.edan.io/,"Recycling center, Car battery store, Metal supplier",75,4.1,"25885 Railroad Ave, Santa Clarita, CA 91350, United States",,,ChIJi_F_fQ-HwoARQjlc0wOUaHQ
2026-08-02 21:08:33,Info/Office,,+18887897824,General Contact,All Home Remodeling & Construction,http://allhomeremodelingla.com/kitchen-remodeling-santa-clarita/,"Kitchen remodeler, Service establishment",48,5.0,,,,ChIJuaveIirHwoARDMTlaGqZlsE
2026-08-02 21:08:33,Info/Office,,+16612103668,General Contact,"Conejo Services HVAC, Plumbing and Electrical",https://www.conejoservices.com/santa-clarita/,"HVAC contractor, Electrician, Insulation contractor, Plumber",283,5.0,"27240 Turnberry Ln #200, Valencia, CA 91355, United States",,,ChIJIX0sZcUx6IARLW6TbW0R5L0
2026-08-02 21:08:33,Info/Office,,+18186677073,General Contact,Absolute Plumbing & Rooter Services,,"Plumber, Service establishment",7,5.0,,,,ChIJm8Z2LQGbwoARWHXLiM_Hmvs
2026-08-02 21:08:33,Info/Office,,+13239823066,General Contact,Expert Handyman Pro,,Contractor,0,0.0,"26622 Caballeta Dr, Santa Clarita, CA 91350, United States",,,ChIJAQCcb56HwoARoZLqWSq3z2A
2026-08-02 21:08:33,Info/Office,,+18889044453,General Contact,"Pro Water Solutions, Inc.",https://www.prowatersolutions.com/,"Water softening equipment supplier, Water filter supplier, Water purification company",51,5.0,"25040 Ave Tibbitts Unit D, Santa Clarita, CA 91355, United States",,,ChIJBX_uw8B9woARUtoCkWKmqEI
2026-08-02 21:08:33,Info/Office,,+13237412178,General Contact,FD Plumbing Services,http://commercialplumbingsantaclarita.com/,"Plumber, Service establishment",0,0.0,,,,ChIJd2MDh8fpD6sRqKuBNettyZI
2026-08-02 21:08:33,Info/Office,,+16614653965,General Contact,All Star Bathroom & Kitchen,http://santaclaritaremodeler.com/,"Bathroom remodeler, Kitchen remodeler",44,4.9,"24920 Ave Tibbitts, Santa Clarita, CA 91355, United States",,,ChIJc0fTPKqHwoARtgD55K5xaB0
2026-08-02 21:08:33,Info/Office,,+16612870001,General Contact,Commercial Contractor Services,http://bedrock1.com/contact-us/,Contractor,0,0.0,"25852 McBean Pkwy, Valencia, CA 91355, United States",,,ChIJVVXWIByHwoARSbForoN4Gk0
2026-08-02 21:08:33,Info/Office,flags@2x.png,+17477864492,General Contact,Espinoza & Son Inc.,http://espinozaandson.com/,"General contractor, Bathroom remodeler, Construction company, Service establishment, Home builder, Kitchen remodeler",13,5.0,,,,ChIJ37978ITM2CcRUDRDIfg5kZg
2026-08-02 21:08:33,Info/Office,espinozaandson1@gmail.com,+17477864492,General Contact,Espinoza & Son Inc.,http://espinozaandson.com/,"General contractor, Bathroom remodeler, Construction company, Service establishment, Home builder, Kitchen remodeler",13,5.0,,,,ChIJ37978ITM2CcRUDRDIfg5kZg
2026-08-02 21:08:33,Info/Office,howard@hereshowconstruction.com,+16618036139,General Contact,Heres How Construction,https://www.hereshowconstruction.com/,General contractor,3,5.0,"25757 Player Dr, Valencia, CA 91355, United States",,,ChIJ-5V1otuGwoARqBF9hCJu7T8
2026-08-02 21:08:33,Info/Office,,+18182992212,General Contact,Santa Clarita Company,http://www.santaclaritawaterdamage.com/,Water damage restoration service,28,5.0,"27225 Camp Plenty Rd #5, Santa Clarita, CA 91351, United States",,,ChIJlUwysYeIwoARKED1iG5Tu7w
2026-08-02 21:08:33,Info/Office,info@optimumbathremodeling.store,+16613828025,General Contact,Optimum Bath Remodeling Santa Clarita,http://optimumbathremodeling.store/,Bathroom remodeler,3,5.0,"28546 Constellation Rd, Santa Clarita, CA 91355, United States",,,ChIJ9xBIEwJ9woARevD66vm3Pxw
2026-08-02 21:08:33,Info/Office,info@handymanish.com,+16614436078,General Contact,Handymanish Handyman Services,https://www.handymanish.com/?utm_source=google&utm_medium=organic&utm_campaign=gbp-listing,"Handyman/Handywoman/Handyperson, Dry wall contractor, Property management company",102,4.9,"28338 Constellation Rd #990, Santa Clarita, CA 91355, United States",,,ChIJ3zLM7zF4XqERqpbKyoekEcI
2026-08-02 21:08:33,Info/Office,,+16612398063,General Contact,Cal Coast Heating & AC Repair Santa Clarita,,"HVAC contractor, Air conditioning contractor, Service establishment",38,5.0,,,,ChIJ0x8Vfr6dwoAR_ZU7S0zSKGs
2026-08-02 21:08:33,Info/Office,,+16612531000,General Contact,World Appliance,https://worldappliance.net/,"HVAC contractor, Appliance parts supplier, Appliance repair service",257,4.9,"22800 Soledad Canyon Rd, Saugus, CA 91350, United States",,,ChIJqSxRgmWHwoARAhgIL6xQ_hk
2026-08-02 21:08:33,Info/Office,info@econowesthvac.com,+16612690308,General Contact,Econo-West Air Santa Clarita,http://www.econowesthvac.com/,"Contractor, Air conditioning contractor, Air duct cleaning service, Auto air conditioning service, Service establishment, Furnace parts supplier, Heating contractor, HVAC contractor",6,5.0,,,,ChIJ_38Zi0aHwoARDEduT_GDi1g
2026-08-02 21:08:33,Info/Office,info@justriteair.com,+16617794499,General Contact,Just Rite Air Heating & Cooling Santa Clarita,https://www.justriteair.com/,HVAC contractor,321,5.0,"25020 Avenue Stanford #130, Santa Clarita, CA 91355, United States",,,ChIJGx95dHl9woAR5nE1jMb6yvc
2026-08-02 21:08:33,Info/Office,,+16616018041,General Contact,Coast AC & Heater Repair Newhall,,Air conditioning contractor,40,5.0,"25044 Peachland Ave, Santa Clarita, CA 91321, United States",,,ChIJVyVTQ0iHwoARcojxJor-3vc
2026-08-02 21:08:33,Info/Office,,+16615526213,General Contact,Lucas Heating & AC Repair Santa Clarita,,Air conditioning contractor,32,4.8,"22002 Alamogordo Rd, Santa Clarita, CA 91350, United States",,,ChIJbd8em-7DcIgRdjBib302Tqk
2026-08-02 21:08:33,Info/Office,astigma@astigmatic.com,+16614952224,General Contact,Santa Clarita appliance repair,http://santaclarita-appliance.repair/,"Appliance repair service, Appliances customer service, HVAC contractor",213,5.0,"26902 Lugar De Oro Dr, Santa Clarita, CA 91354, United States",,,ChIJ77p0MJqHwoARx03jEXGLy_M
2026-08-02 21:08:33,Info/Office,flags@2x.png,+16616448585,General Contact,Custom Air Specialists,https://customairspecialists.com/,"HVAC contractor, Air conditioning contractor, Air conditioning repair service, Air conditioning system supplier, Air duct cleaning service, Air filter supplier, Furnace repair service, Heating contractor, Heating equipment supplier, Mechanical contractor",160,5.0,"26000 Springbrook Ave Ste 108, Saugus, CA 91350, United States",,,ChIJAQDcHJCHwoARhcD7yQ9NqN4
2026-08-02 21:08:33,Info/Office,,+16612305017,General Contact,Verona Hvac Inc,https://veronahvac.com/?utm_source=google&utm_medium=organic&utm_campaign=gbp,"HVAC contractor, Air conditioning contractor, Air conditioning repair service, Furnace repair service, Heating contractor",168,4.9,"27475 Poppy Ct, Santa Clarita, CA 91350, United States",,,ChIJixfnou6VwoAR140mvt7QsPU
2026-08-02 21:08:33,Info/Office,,+16612370589,General Contact,"A-1 Ocean Breeze, Inc.",http://www.a1ocean.com/,"HVAC contractor, Air conditioning contractor, Air conditioning repair service, Heating contractor",16,4.8,"26845 Oak Ave #16, Santa Clarita, CA 91351, United States",,,ChIJzwqwqsWHwoARWCrfSA5QOaI
2026-08-02 21:08:33,Info/Office,activeairsocal@gmail.com,+18668730677,General Contact,Active Air Specialists,https://activeairspecialist.com/,"HVAC contractor, Contractor, Heating contractor",107,4.9,"18565 Soledad Canyon Rd, Santa Clarita, CA 91351, United States",,,ChIJz1jJ_POIwoARmTuqqmln_sE
2026-08-02 21:08:33,Info/Office,,+16613121185,General Contact,Comfort regulator heating and cooling,https://comfortregulatorheatingandcooling.com/,"HVAC contractor, Service establishment",21,5.0,,,,ChIJSYezlIhPHKwRZZVkxU7MgLU
2026-08-02 21:08:33,Info/Office,,+16612227477,General Contact,Ride-Way Auto Service & Tire Shop,http://www.ridewayautoservice.com/,"Auto repair shop, Auto air conditioning service, Auto tune up service, Brake shop, Chauffeur service, Oil change service, Tire shop, Transmission shop, Truck repair shop, Wheel alignment service",72,4.4,"25843 Railroad Ave, Santa Clarita, CA 91350, United States",,,ChIJwcgqvgWHwoARFUo5QE3Yd1M
2026-08-02 21:08:33,Info/Office,,+16612542222,General Contact,The Transmission Man,https://thetransmissionman.com/,"Auto repair shop, Brake shop, Oil change service, Radiator repair service, Transmission shop, Wheel alignment service",47,4.4,"24309 Creekside Rd #103, Santa Clarita, CA 91355, United States",,,ChIJeTfwYUGHwoARk_eDWpO1f-U
2026-08-02 21:08:33,Info/Office,,+16612145231,General Contact,Pro Tech Appliance Repair Santa Clarita,https://www.appliancerepairsantaclaritaca.com/,"Appliance repair service, Service establishment, Refrigerator repair service, Repair service, Washer & dryer repair service",1,5.0,,,,ChIJQz1s0sd9woARKiissG0dDaU
2026-08-02 21:08:33,Info/Office,,+16612533123,General Contact,PACC Automotive,http://www.paccauto.com/,Auto repair shop,63,4.4,"23520 Valencia Blvd H, Santa Clarita, CA 91355, United States",,,ChIJv0DdEROHwoAR5zgxuxz9QZk
2026-08-02 21:08:33,Info/Office,,+16612707867,General Contact,AAMCO Transmissions & Total Car Care,http://www.aamcosantaclaritaca.com/?utm_source=G&utm_medium=local&utm_campaign=google-local,"Transmission shop, Auto air conditioning service, Auto electrical service, Auto repair shop, Auto tune up service, Brake shop, Oil change service, Vehicle inspection service",222,4.7,"25845 Railroad Ave, Santa Clarita, CA 91350, United States",,,ChIJPesyvwWHwoARmOQ81hMKOYY
2026-08-02 21:08:33,Info/Office,,+16612572963,General Contact,Rayne Water,https://www.raynewater.com/santaclarita/?utm_source=GMBlisting&utm_medium=organic,"Water purification company, Bottled water supplier, Plumber, Water filter supplier, Water softening equipment supplier, Water testing service",194,4.6,"25702 Rye Canyon Rd #E, Valencia, CA 91355, United States",,,ChIJsebUh999woAR0PiXhJoJ4sI
2026-08-02 21:08:33,Info/Office,,+16612531233,General Contact,German Hi Tech,https://www.germanhitech.com/,Auto repair shop,42,4.5,"23520 Valencia Blvd G, Valencia, CA 91355, United States",,,ChIJv0DdEROHwoARimtXridppTQ
2026-08-02 21:08:33,Info/Office,,+16612942221,General Contact,"CBC Cleaning and Construction, Inc",https://www.cbcfirst.com/,"Tile cleaning service, Carpet cleaning service, Fire damage restoration service, General contractor, Upholstery cleaning service, Water damage restoration service",70,4.9,"25042 Anza Dr, Santa Clarita, CA 91355, United States",,,ChIJuwlM-FaHwoARRiOlKXcDwjw
2026-08-02 21:08:33,Info/Office,,+16617732980,General Contact,Advanced Heating and Air Conditioning Valencia,,"Heating contractor, Air conditioning repair service, Furnace repair service",2,5.0,"27885 Smyth Dr #18, Valencia, CA 91355, United States",,,ChIJeRUSBYB9woARPE-_WtDu6is
2026-08-02 21:08:33,Info/Office,,+18663472278,General Contact,A-one Plumbing Heating & Air Conditioning,http://www.a-oneplumbingheatingac.com/,"Plumber, Service establishment",1,3.0,,,,ChIJS8RQZF2HwoARjZeTOmtaY9E
2026-08-02 21:08:33,Info/Office,service@unitedleakdetection.com,+16612086993,General Contact,United Leak Detection,https://unitedleakdetection.com/,"Plumber, Service establishment, Handyman/Handywoman/Handyperson, Utility contractor, Water utility company",84,5.0,,,,ChIJ_ZcJvPMNv4QRIYJtjXkGohg
2026-08-02 21:08:33,Info/Office,,+16612599293,General Contact,Reliable Auto Clinic,,"Auto repair shop, Auto electrical service, Diagnostic center, Oil change service, Transmission shop",263,4.9,"24309 Creekside Rd UNIT 116, Santa Clarita, CA 91355, United States",,,ChIJAUDnXEGHwoAR6rDYEuizCDc
2026-08-02 21:08:33,Info/Office,ccare@scvwa.org,+16612971600,General Contact,SCV Water Agency,https://yourscvwater.com/,"Water utility company, Education",10,4.6,"27234 Bouquet Canyon Rd, Santa Clarita, CA 91350, United States",,,ChIJTZkvtZGHwoARWG4XNNVwMNQ
2026-08-02 21:08:33,Info/Office,,+16612940828,General Contact,SCV Water Agency,https://yourscvwater.com/,"Water utility company, Education",10,4.6,"27234 Bouquet Canyon Rd, Santa Clarita, CA 91350, United States",,,ChIJTZkvtZGHwoARWG4XNNVwMNQ
2026-08-02 21:08:33,Info/Office,,+16612540070,General Contact,Santa Clarita Valley Service Center,https://topusaview.top/details/santa-clarita-valley-service-center-ChIJ0Xr,Social services organization,2,5.0,"26111 Bouquet Canyon Rd Ste H-1, Santa Clarita, CA 91350, United States",,,ChIJ0XrwBxyHwoARbFi2pXLeGw0
2026-08-02 21:08:33,Info/Office,,+16612572549,General Contact,Valencia Water Reclamation Plant,https://www.lacsd.org/services/wastewater-sewage/facilities/valencia-water-reclamation-plant,Water treatment plant,1,5.0,"28185 The Old Rd, Valencia, CA 91355, United States",,,ChIJUU_lzgJ-woARGWr7pNIyDqk
2026-08-02 21:08:33,Info/Office,,+16612940828,General Contact,SCV Water Agency,,Water utility company,11,1.8,"23780 Pine St, Newhall, CA 91321, United States",,,ChIJldBtOHiGwoARcrOtpUcgPqY
2026-08-02 21:08:33,Info/Office,,+16614017302,General Contact,911 Restoration of Santa Clarita,https://www.911restorationsantaclarita.com/?utm_source=google&utm_medium=organic&utm_campaign=gbp,"Water damage restoration service, Building restoration service, Fire damage restoration service, Sewage disposal service",15,5.0,"28200 Bouquet Canyon Rd, Santa Clarita, CA 91350, United States",,,ChIJA-Loi8GHwoARcWUFu5op-j0
2026-08-02 21:08:33,Info/Office,,+16619777021,General Contact,LA Drain Medic,,Plumber,1,5.0,"20731 Centre Pointe Pkwy, Santa Clarita, CA 91350, United States",,,ChIJxbfChtaHwoAR6WGpsoItDzs
2026-08-02 21:08:33,Info/Office,info@eliteplumbingandrooter.com,+18777718755,General Contact,Elite Plumbing and Rooter,https://www.eliteplumbingandrooter.com/,"Drainage service, Service establishment, Plumber",2,5.0,,,,ChIJi1RaQhrhJykR-NcbZeWAjlo
2026-08-02 21:08:33,Info/Office,,+13104288584,General Contact,Bergman Home Inspection,https://bergmanhomeinspection.com/,Home inspector,0,0.0,"22900 Oak Ridge Dr, Santa Clarita, CA 91350, United States",,,ChIJsRQkvpyHwoAR_UWiAYJpTa8
2026-08-02 21:08:33,Info/Office,info@citywaterconservation.com,+17472325325,General Contact,City Water Conservation,https://citywaterconservation.com/,Plumber,23,5.0,"30358 Yosemite Dr, Castaic, CA 91384, United States",,,ChIJd2KqQyChmoARFeE3BWla_kc
2026-08-02 21:08:33,Info/Office,,+16612542355,General Contact,Gyu-Kaku Japanese BBQ,http://www.gyu-kaku.com/valencia,"Japanese restaurant, Barbecue restaurant",567,4.3,"27025 McBean Pkwy, Valencia, CA 91355, United States",Brunch,,ChIJzYwjt0aHwoAREJYStLHFRU4
2026-08-02 21:08:33,Info/Office,gary@shellbackplumbing.com,+16614306768,General Contact,Shellback Plumbing & Drain,https://www.shellbackplumbing.com/,"Plumber, Drainage service, Service establishment",989,4.9,,,,ChIJ5_LwRsWHwoARSvdaD3Tnzyg
2026-08-02 21:08:33,Info/Office,john@smith.com,+17472518787,General Contact,Open Flow Plumbing,https://www.openflowplumbing.com/,"Plumber, Drainage service, Service establishment",37,4.9,,,,ChIJ05R93B6RwoARMrqDrUqqoU4
2026-08-02 21:08:33,Info/Office,openflowplumbing1@gmail.com,+17472518787,General Contact,Open Flow Plumbing,https://www.openflowplumbing.com/,"Plumber, Drainage service, Service establishment",37,4.9,,,,ChIJ05R93B6RwoARMrqDrUqqoU4
2026-08-02 21:08:33,Info/Office,info@kenncoplumbing.com,+16612515366,General Contact,"Kennco Plumbing, Inc.",http://kenncoplumbing.com/,Plumber,30,4.4,"26575 Ruether Ave, Santa Clarita, CA 91350, United States",,,ChIJlbggY86HwoARYhxyJxkNi94
2026-08-02 21:08:33,Info/Office,contact@2mplumbingcal.com,+18008154580,General Contact,2M Plumbing Inc,https://2mplumbingcal.com/,"Plumber, Service establishment",10,5.0,,,,ChIJVYXzVyMRvCMRKyjbRoVn_YE
2026-08-02 21:08:33,Info/Office,support@rowinplumbig.com,+16612525757,General Contact,Rowin Plumbing Santa Clarita,https://rowinplumbing.com/,Plumber,13,4.8,"31851 Windrush Rd, Santa Clarita, CA 91390, United States",,,ChIJGWbKGhGHwoARlY-vFcJvZtU
2026-08-02 21:08:33,Info/Office,support@rowinplumbing.com,+16612525757,General Contact,Rowin Plumbing Santa Clarita,https://rowinplumbing.com/,Plumber,13,4.8,"31851 Windrush Rd, Santa Clarita, CA 91390, United States",,,ChIJGWbKGhGHwoARlY-vFcJvZtU
2026-08-02 21:08:33,Info/Office,member_services@rioradio.org,+18668136775,General Contact,Payless Water Heaters & Plumbing,https://paylesswaterheaters.com/service-area/santa-clarita-valley-water-heater-repair-installation?utm_source=organic&utm_medium=gbp&utm_campaign=santa_clarita,"Plumber, Gas installation service, Gasfitter, Hot water system supplier, Plumbing supply store, Solar hot water system supplier",1902,4.8,"27919 Smyth Dr, Santa Clarita, CA 91355, United States",,,ChIJffzZvlCHwoARk7BGsHRyqrw
2026-08-02 21:08:33,Info/Office,info@rootermanla.com,+14242794945,General Contact,Rooter Man Plumbing,https://www.rootermanla.com/plumber-los-angeles-ca-plumbing-repair,"Plumber, Drainage service, Septic system service",1689,4.8,"16065 Foothill Blvd, Sylmar, CA 91342, United States",,,ChIJ15c3vhSPwoARws0384L3F3k
2026-08-02 21:08:33,Info/Office,info@rootermanoc.com,+14242794945,General Contact,Rooter Man Plumbing,https://www.rootermanla.com/plumber-los-angeles-ca-plumbing-repair,"Plumber, Drainage service, Septic system service",1689,4.8,"16065 Foothill Blvd, Sylmar, CA 91342, United States",,,ChIJ15c3vhSPwoARws0384L3F3k
2026-08-02 21:08:33,Info/Office,thewaterheatertech@gmail.com,+16619447874,General Contact,The Water Heater Tech,https://thewaterheatertech.com/,Plumber,21,5.0,"18035 Soledad Canyon Rd Unit79, Canyon Country, CA 91387, United States",,,ChIJx8fYkvD5oIURxuo4yWiXhcY
2026-08-02 21:08:33,Info/Office,bkplumb@hotmail.com,+16612511900,General Contact,Bill King Plumbing,https://www.billkingplumbing.com/,Plumber,17,4.9,"Santa Clarita, CA 91351, United States",,,ChIJuTJMOdCHwoARFlQIoQCT6aA
2026-08-02 21:08:33,Info/Office,hello@fixmydrip.com,+16612955520,General Contact,Bob's Rooter & Plumbing,https://fixmydrip.com/,"Plumber, Service establishment",120,5.0,,,,ChIJNUUskP99woAROJL95v6PfZA
2026-08-02 21:08:33,Info/Office,impallari@gmail.com,+16612955520,General Contact,Bob's Rooter & Plumbing,https://fixmydrip.com/,"Plumber, Service establishment",120,5.0,,,,ChIJNUUskP99woAROJL95v6PfZA
2026-08-02 21:08:33,Info/Office,team@latofonts.com,+16612955520,General Contact,Bob's Rooter & Plumbing,https://fixmydrip.com/,"Plumber, Service establishment",120,5.0,,,,ChIJNUUskP99woAROJL95v6PfZA
2026-08-02 21:08:33,Info/Office,contact@sansoxygen.com,+16612684763,General Contact,Panico Excavation & Sanitation,http://gopanico.com/,"Septic system service, Excavating contractor, Sanitation service",9,3.7,"14300 Davenport Rd #5a, Agua Dulce, CA 91390, United States",,,ChIJD4QfzpFfwoAR2rXCGYSeT6Y
2026-08-02 21:08:33,Info/Office,hello@rfuenzalida.com,+16612684763,General Contact,Panico Excavation & Sanitation,http://gopanico.com/,"Septic system service, Excavating contractor, Sanitation service",9,3.7,"14300 Davenport Rd #5a, Agua Dulce, CA 91390, United States",,,ChIJD4QfzpFfwoAR2rXCGYSeT6Y
2026-08-02 21:08:33,Info/Office,impallari@gmail.com,+16612684763,General Contact,Panico Excavation & Sanitation,http://gopanico.com/,"Septic system service, Excavating contractor, Sanitation service",9,3.7,"14300 Davenport Rd #5a, Agua Dulce, CA 91390, United States",,,ChIJD4QfzpFfwoAR2rXCGYSeT6Y
2026-08-02 21:08:33,Info/Office,matt@pixelspread.com,+16612684763,General Contact,Panico Excavation & Sanitation,http://gopanico.com/,"Septic system service, Excavating contractor, Sanitation service",9,3.7,"14300 Davenport Rd #5a, Agua Dulce, CA 91390, United States",,,ChIJD4QfzpFfwoAR2rXCGYSeT6Y
2026-08-02 21:08:33,Info/Office,office@gopanico.com,+16612684763,General Contact,Panico Excavation & Sanitation,http://gopanico.com/,"Septic system service, Excavating contractor, Sanitation service",9,3.7,"14300 Davenport Rd #5a, Agua Dulce, CA 91390, United States",,,ChIJD4QfzpFfwoAR2rXCGYSeT6Y
2026-08-02 21:08:33,Info/Office,team@latofonts.com,+16612684763,General Contact,Panico Excavation & Sanitation,http://gopanico.com/,"Septic system service, Excavating contractor, Sanitation service",9,3.7,"14300 Davenport Rd #5a, Agua Dulce, CA 91390, United States",,,ChIJD4QfzpFfwoAR2rXCGYSeT6Y
2026-08-02 21:08:33,Info/Office,info@wcwaterheaters.com,+16617534700,General Contact,West Coast Water Heaters,https://www.wcwaterheaters.com/,"Plumber, Hot water system supplier, Repair service, Water treatment supplier",42,4.9,"26893 Bouquet Canyon Rd C247, Santa Clarita, CA 91350, United States",,,ChIJ5Sx6opJTYCMRU34jv6KFRas
2026-08-02 21:08:33,Info/Office,service@kbplumb.com,+16615501194,General Contact,Kurt Bohmer Plumbing Inc.,http://www.kurtbohmerplumbing.com/,"Plumber, Septic system service",91,3.2,"16743 Sierra Hwy, Canyon Country, CA 91351, United States",,,ChIJMx4xMa6JwoART3-OVrt1iFA
2026-08-02 21:08:33,Info/Office,anapbm@gmail.com,+16612533333,General Contact,Ace Drain & Rooter Services,http://ace-drain.com/,"Plumber, Drainage service",25,5.0,"25805 Turquesa Dr, Santa Clarita, CA 91355, United States",,,ChIJg0vfyPGGwoAR_OmxQts-ufk
2026-08-02 21:08:33,Info/Office,team@latofonts.com,+16612533333,General Contact,Ace Drain & Rooter Services,http://ace-drain.com/,"Plumber, Drainage service",25,5.0,"25805 Turquesa Dr, Santa Clarita, CA 91355, United States",,,ChIJg0vfyPGGwoAR_OmxQts-ufk
2026-08-02 21:08:33,Info/Office,customerservice@mail.infologicalrooterla.com,+16267106268,General Contact,Logical Rooter Services,http://www.logicalrooterla.com/,"Plumber, Contractor, Drainage service, Service establishment, Excavating contractor, Repair service, Septic system service, Waste management service, Water damage restoration service",74,5.0,,,,ChIJ9xh0vmaPwoARjJyCukS3_pU
2026-08-02 21:08:33,Info/Office,restoretacticsinc@gmail.com,+18558182500,General Contact,Restore Tactics Inc.,https://www.restoretacticsinc.com/,"Plumber, Fire damage restoration service, Water damage restoration service",27,4.4,"13034 San Fernando Rd, Sylmar, CA 91342, United States",,,ChIJlch8gkqPwoARUKPL_Q6RKiA
2026-08-02 21:08:33,Info/Office,admin@altadenahardwarenewhall.com,+16616780194,General Contact,Newhall Hardware,https://newhallhardware.shoptruevalue.com/,"Hardware store, Do-it-yourself shop, Home improvement store, Key duplication service, Paint store, Plumbing supply store, Tool rental service, Tool repair shop, Tool store",134,4.7,"23736 Lyons Ave, Newhall, CA 91321, United States",,,ChIJ6X3TquyGwoARYvDiGzIQwIk
2026-08-02 21:08:33,Info/Office,newhallhardware@gmail.com,+16616780194,General Contact,Newhall Hardware,https://newhallhardware.shoptruevalue.com/,"Hardware store, Do-it-yourself shop, Home improvement store, Key duplication service, Paint store, Plumbing supply store, Tool rental service, Tool repair shop, Tool store",134,4.7,"23736 Lyons Ave, Newhall, CA 91321, United States",,,ChIJ6X3TquyGwoARYvDiGzIQwIk
2026-08-02 21:08:33,Info/Office,order@altadenahardwarenewhall.com,+16616780194,General Contact,Newhall Hardware,https://newhallhardware.shoptruevalue.com/,"Hardware store, Do-it-yourself shop, Home improvement store, Key duplication service, Paint store, Plumbing supply store, Tool rental service, Tool repair shop, Tool store",134,4.7,"23736 Lyons Ave, Newhall, CA 91321, United States",,,ChIJ6X3TquyGwoARYvDiGzIQwIk
2026-08-02 21:08:33,Info/Office,exquisiteindustriesinc@gmail.com,+13233548761,General Contact,Exquisite Industries,https://www.exquisiteindustries.com/,Contractor,7,5.0,"24540 Burr Ct, Santa Clarita, CA 91321, United States",,,ChIJ9W4T_T6HwoAR7Oo9UzYXPTM
2026-08-02 21:08:33,Info/Office,impallari@gmail.com,+16619640555,General Contact,S&D A Decorative Showroom,http://sdadecorativeshowroom.com/,"Bathroom supply store, Kitchen supply store, Landscaper",4,3.0,"23760 Lyons Ave, Newhall, CA 91321, United States",,,ChIJ88G55xqHwoARcS7gFWamsZI
2026-08-02 21:08:33,Info/Office,team@latofonts.com,+16619640555,General Contact,S&D A Decorative Showroom,http://sdadecorativeshowroom.com/,"Bathroom supply store, Kitchen supply store, Landscaper",4,3.0,"23760 Lyons Ave, Newhall, CA 91321, United States",,,ChIJ88G55xqHwoARcS7gFWamsZI
2026-08-02 21:08:33,Info/Office,info@hornsbackflow.com,+16612957733,General Contact,"Horn's Backflow & Plumbing Service, Inc.",https://www.hornsbackflow.com/,Plumber,14,4.9,"27823 Smyth Dr, Valencia, CA 91355, United States",,,ChIJMZn48VmHwoARemkeZypzkMI
2026-08-02 21:08:33,Info/Office,info@grconstruction.us,+16267255406,General Contact,GR Construction Solutions LLC,https://www.grconstruction.us/,"General contractor, Bathroom remodeler, Kitchen remodeler",4,5.0,"26705 McBean Pkwy, Valencia, CA 91355, United States",,,ChIJ3cMNaNP4ag4Rl4eu4lRMBB0
2026-08-02 21:08:33,Info/Office,info@cleanriver.us,+13105692131,General Contact,Clean River Water Store,https://cleanriver.us/,"Bottled water supplier, Water filter supplier, Water purification company, Water softening equipment supplier",29,4.9,"23365 Lyons Ave, Santa Clarita, CA 91355, United States",,,ChIJ5T3r9e2HwoAR0aVTsOyWv0M
2026-08-02 21:08:33,Info/Office,astump@desertind.net,+16612516420,General Contact,Desert Industrial Supply,http://desertindustrialsupply.com/,"Plumbing supply store, Hardware store",5,3.4,"20665 Santa Clara St, Canyon Country, CA 91351, United States",,,ChIJWSWM09qHwoARAtbrUaw2_nA
2026-08-02 21:08:33,Info/Office,dicc@desertind.net,+16612516420,General Contact,Desert Industrial Supply,http://desertindustrialsupply.com/,"Plumbing supply store, Hardware store",5,3.4,"20665 Santa Clara St, Canyon Country, CA 91351, United States",,,ChIJWSWM09qHwoARAtbrUaw2_nA
2026-08-02 21:08:33,Info/Office,efaulkner@desertind.net,+16612516420,General Contact,Desert Industrial Supply,http://desertindustrialsupply.com/,"Plumbing supply store, Hardware store",5,3.4,"20665 Santa Clara St, Canyon Country, CA 91351, United States",,,ChIJWSWM09qHwoARAtbrUaw2_nA
2026-08-02 21:08:33,Info/Office,isoto@desertind.net,+16612516420,General Contact,Desert Industrial Supply,http://desertindustrialsupply.com/,"Plumbing supply store, Hardware store",5,3.4,"20665 Santa Clara St, Canyon Country, CA 91351, United States",,,ChIJWSWM09qHwoARAtbrUaw2_nA
2026-08-02 21:08:33,Info/Office,janderson@desertind.net,+16612516420,General Contact,Desert Industrial Supply,http://desertindustrialsupply.com/,"Plumbing supply store, Hardware store",5,3.4,"20665 Santa Clara St, Canyon Country, CA 91351, United States",,,ChIJWSWM09qHwoARAtbrUaw2_nA
2026-08-02 21:08:33,Info/Office,jgocke@desertind.net,+16612516420,General Contact,Desert Industrial Supply,http://desertindustrialsupply.com/,"Plumbing supply store, Hardware store",5,3.4,"20665 Santa Clara St, Canyon Country, CA 91351, United States",,,ChIJWSWM09qHwoARAtbrUaw2_nA
2026-08-02 21:08:33,Info/Office,lancastersales@desertind.net,+16612516420,General Contact,Desert Industrial Supply,http://desertindustrialsupply.com/,"Plumbing supply store, Hardware store",5,3.4,"20665 Santa Clara St, Canyon Country, CA 91351, United States",,,ChIJWSWM09qHwoARAtbrUaw2_nA
2026-08-02 21:08:33,Info/Office,mjames@desertind.net,+16612516420,General Contact,Desert Industrial Supply,http://desertindustrialsupply.com/,"Plumbing supply store, Hardware store",5,3.4,"20665 Santa Clara St, Canyon Country, CA 91351, United States",,,ChIJWSWM09qHwoARAtbrUaw2_nA
2026-08-02 21:08:33,Info/Office,mkingsbury@desertind.net,+16612516420,General Contact,Desert Industrial Supply,http://desertindustrialsupply.com/,"Plumbing supply store, Hardware store",5,3.4,"20665 Santa Clara St, Canyon Country, CA 91351, United States",,,ChIJWSWM09qHwoARAtbrUaw2_nA
2026-08-02 21:08:33,Info/Office,mtorrez@desertind.net,+16612516420,General Contact,Desert Industrial Supply,http://desertindustrialsupply.com/,"Plumbing supply store, Hardware store",5,3.4,"20665 Santa Clara St, Canyon Country, CA 91351, United States",,,ChIJWSWM09qHwoARAtbrUaw2_nA
2026-08-02 21:08:33,Info/Office,nwerner@desertind.net,+16612516420,General Contact,Desert Industrial Supply,http://desertindustrialsupply.com/,"Plumbing supply store, Hardware store",5,3.4,"20665 Santa Clara St, Canyon Country, CA 91351, United States",,,ChIJWSWM09qHwoARAtbrUaw2_nA
2026-08-02 21:08:33,Info/Office,pasadenasales@desertind.net,+16612516420,General Contact,Desert Industrial Supply,http://desertindustrialsupply.com/,"Plumbing supply store, Hardware store",5,3.4,"20665 Santa Clara St, Canyon Country, CA 91351, United States",,,ChIJWSWM09qHwoARAtbrUaw2_nA
2026-08-02 21:08:33,Info/Office,rolson@desertind.net,+16612516420,General Contact,Desert Industrial Supply,http://desertindustrialsupply.com/,"Plumbing supply store, Hardware store",5,3.4,"20665 Santa Clara St, Canyon Country, CA 91351, United States",,,ChIJWSWM09qHwoARAtbrUaw2_nA
2026-08-02 21:08:33,Info/Office,shawn@desertind.net,+16612516420,General Contact,Desert Industrial Supply,http://desertindustrialsupply.com/,"Plumbing supply store, Hardware store",5,3.4,"20665 Santa Clara St, Canyon Country, CA 91351, United States",,,ChIJWSWM09qHwoARAtbrUaw2_nA
2026-08-02 21:08:33,Info/Office,willmurphy@desertind.net,+16612516420,General Contact,Desert Industrial Supply,http://desertindustrialsupply.com/,"Plumbing supply store, Hardware store",5,3.4,"20665 Santa Clara St, Canyon Country, CA 91351, United States",,,ChIJWSWM09qHwoARAtbrUaw2_nA
2026-08-02 21:08:33,Info/Office,wmurphy@desertind.net,+16612516420,General Contact,Desert Industrial Supply,http://desertindustrialsupply.com/,"Plumbing supply store, Hardware store",5,3.4,"20665 Santa Clara St, Canyon Country, CA 91351, United States",,,ChIJWSWM09qHwoARAtbrUaw2_nA
2026-08-02 21:08:33,Info/Office,support@poolmarts.com,+16612790001,General Contact,Discount Pool Mart - Santa Clarita,http://discountpoolmart.com/,Swimming pool supply store,48,4.8,"26059 Bouquet Canyon Rd, Santa Clarita, CA 91355, United States",,,ChIJAdyKXTmHwoARY-2II3jGag0
2026-08-02 21:08:33,Info/Office,officeagbuilders@gmail.com,+18887779126,General Contact,America Green Builders,http://www.americagreenbuilders.com/,"General contractor, Bathroom remodeler, Service establishment, Home builder, Kitchen remodeler",6,5.0,,,,ChIJtQpfoKeHwoARV4ESdm_6U-w
2026-08-02 21:08:33,Info/Office,13841vanowen014@newapthome.com,+16614638493,General Contact,IMT Stevenson Ranch,https://www.imtresidential.com/properties/imt-stevenson-ranch/?utm_source=google&utm_medium=organic,"Apartment complex, Apartment building, Apartment rental agency",287,4.1,"25399 The Old Rd, Stevenson Ranch, CA 91381, United States",Dogs allowed,,ChIJd20tA8-GwoAR4DGNRQDJWUM
2026-08-02 21:08:33,Info/Office,14227vanowen014@newapthome.com,+16614638493,General Contact,IMT Stevenson Ranch,https://www.imtresidential.com/properties/imt-stevenson-ranch/?utm_source=google&utm_medium=organic,"Apartment complex, Apartment building, Apartment rental agency",287,4.1,"25399 The Old Rd, Stevenson Ranch, CA 91381, United States",Dogs allowed,,ChIJd20tA8-GwoAR4DGNRQDJWUM
2026-08-02 21:08:33,Info/Office,5401chimneyrock025@newapthome.com,+16614638493,General Contact,IMT Stevenson Ranch,https://www.imtresidential.com/properties/imt-stevenson-ranch/?utm_source=google&utm_medium=organic,"Apartment complex, Apartment building, Apartment rental agency",287,4.1,"25399 The Old Rd, Stevenson Ranch, CA 91381, United States",Dogs allowed,,ChIJd20tA8-GwoAR4DGNRQDJWUM
2026-08-02 21:08:33,Info/Office,6719woodman013@newapthome.com,+16614638493,General Contact,IMT Stevenson Ranch,https://www.imtresidential.com/properties/imt-stevenson-ranch/?utm_source=google&utm_medium=organic,"Apartment complex, Apartment building, Apartment rental agency",287,4.1,"25399 The Old Rd, Stevenson Ranch, CA 91381, United States",Dogs allowed,,ChIJd20tA8-GwoAR4DGNRQDJWUM
2026-08-02 21:08:33,Info/Office,belaseraatfulton016@newapthome.com,+16614638493,General Contact,IMT Stevenson Ranch,https://www.imtresidential.com/properties/imt-stevenson-ranch/?utm_source=google&utm_medium=organic,"Apartment complex, Apartment building, Apartment rental agency",287,4.1,"25399 The Old Rd, Stevenson Ranch, CA 91381, United States",Dogs allowed,,ChIJd20tA8-GwoAR4DGNRQDJWUM
2026-08-02 21:08:33,Info/Office,belaseraatshermanway016@newapthome.com,+16614638493,General Contact,IMT Stevenson Ranch,https://www.imtresidential.com/properties/imt-stevenson-ranch/?utm_source=google&utm_medium=organic,"Apartment complex, Apartment building, Apartment rental agency",287,4.1,"25399 The Old Rd, Stevenson Ranch, CA 91381, United States",Dogs allowed,,ChIJd20tA8-GwoAR4DGNRQDJWUM
2026-08-02 21:08:33,Info/Office,belaseraatsuperior018@newapthome.com,+16614638493,General Contact,IMT Stevenson Ranch,https://www.imtresidential.com/properties/imt-stevenson-ranch/?utm_source=google&utm_medium=organic,"Apartment complex, Apartment building, Apartment rental agency",287,4.1,"25399 The Old Rd, Stevenson Ranch, CA 91381, United States",Dogs allowed,,ChIJd20tA8-GwoAR4DGNRQDJWUM
2026-08-02 21:08:33,Info/Office,careers@imtresidential.com,+16614638493,General Contact,IMT Stevenson Ranch,https://www.imtresidential.com/properties/imt-stevenson-ranch/?utm_source=google&utm_medium=organic,"Apartment complex, Apartment building, Apartment rental agency",287,4.1,"25399 The Old Rd, Stevenson Ranch, CA 91381, United States",Dogs allowed,,ChIJd20tA8-GwoAR4DGNRQDJWUM
2026-08-02 21:08:33,Info/Office,chimneyrock@imtresidential.com,+16614638493,General Contact,IMT Stevenson Ranch,https://www.imtresidential.com/properties/imt-stevenson-ranch/?utm_source=google&utm_medium=organic,"Apartment complex, Apartment building, Apartment rental agency",287,4.1,"25399 The Old Rd, Stevenson Ranch, CA 91381, United States",Dogs allowed,,ChIJd20tA8-GwoAR4DGNRQDJWUM
2026-08-02 21:08:33,Info/Office,citruscommons001@newapthome.com,+16614638493,General Contact,IMT Stevenson Ranch,https://www.imtresidential.com/properties/imt-stevenson-ranch/?utm_source=google&utm_medium=organic,"Apartment complex, Apartment building, Apartment rental agency",287,4.1,"25399 The Old Rd, Stevenson Ranch, CA 91381, United States",Dogs allowed,,ChIJd20tA8-GwoAR4DGNRQDJWUM
2026-08-02 21:08:33,Info/Office,citruscommons@imtresidential.com,+16614638493,General Contact,IMT Stevenson Ranch,https://www.imtresidential.com/properties/imt-stevenson-ranch/?utm_source=google&utm_medium=organic,"Apartment complex, Apartment building, Apartment rental agency",287,4.1,"25399 The Old Rd, Stevenson Ranch, CA 91381, United States",Dogs allowed,,ChIJd20tA8-GwoAR4DGNRQDJWUM
2026-08-02 21:08:33,Info/Office,connect@imtresidential.com,+16614638493,General Contact,IMT Stevenson Ranch,https://www.imtresidential.com/properties/imt-stevenson-ranch/?utm_source=google&utm_medium=organic,"Apartment complex, Apartment building, Apartment rental agency",287,4.1,"25399 The Old Rd, Stevenson Ranch, CA 91381, United States",Dogs allowed,,ChIJd20tA8-GwoAR4DGNRQDJWUM
2026-08-02 21:08:33,Info/Office,desertpalmvillage020@newapthome.com,+16614638493,General Contact,IMT Stevenson Ranch,https://www.imtresidential.com/properties/imt-stevenson-ranch/?utm_source=google&utm_medium=organic,"Apartment complex, Apartment building, Apartment rental agency",287,4.1,"25399 The Old Rd, Stevenson Ranch, CA 91381, United States",Dogs allowed,,ChIJd20tA8-GwoAR4DGNRQDJWUM
2026-08-02 21:08:33,Info/Office,development@engrain.com,+16614638493,General Contact,IMT Stevenson Ranch,https://www.imtresidential.com/properties/imt-stevenson-ranch/?utm_source=google&utm_medium=organic,"Apartment complex, Apartment building, Apartment rental agency",287,4.1,"25399 The Old Rd, Stevenson Ranch, CA 91381, United States",Dogs allowed,,ChIJd20tA8-GwoAR4DGNRQDJWUM
2026-08-02 21:08:33,Info/Office,devonshireca013@newapthome.com,+16614638493,General Contact,IMT Stevenson Ranch,https://www.imtresidential.com/properties/imt-stevenson-ranch/?utm_source=google&utm_medium=organic,"Apartment complex, Apartment building, Apartment rental agency",287,4.1,"25399 The Old Rd, Stevenson Ranch, CA 91381, United States",Dogs allowed,,ChIJd20tA8-GwoAR4DGNRQDJWUM
2026-08-02 21:08:33,Info/Office,gulfstream002@newapthome.com,+16614638493,General Contact,IMT Stevenson Ranch,https://www.imtresidential.com/properties/imt-stevenson-ranch/?utm_source=google&utm_medium=organic,"Apartment complex, Apartment building, Apartment rental agency",287,4.1,"25399 The Old Rd, Stevenson Ranch, CA 91381, United States",Dogs allowed,,ChIJd20tA8-GwoAR4DGNRQDJWUM
2026-08-02 21:08:33,Info/Office,imt13841vanowen@imtresidential.com,+16614638493,General Contact,IMT Stevenson Ranch,https://www.imtresidential.com/properties/imt-stevenson-ranch/?utm_source=google&utm_medium=organic,"Apartment complex, Apartment building, Apartment rental agency",287,4.1,"25399 The Old Rd, Stevenson Ranch, CA 91381, United States",Dogs allowed,,ChIJd20tA8-GwoAR4DGNRQDJWUM
2026-08-02 21:08:33,Info/Office,imt14227vanowen@imtresidential.com,+16614638493,General Contact,IMT Stevenson Ranch,https://www.imtresidential.com/properties/imt-stevenson-ranch/?utm_source=google&utm_medium=organic,"Apartment complex, Apartment building, Apartment rental agency",287,4.1,"25399 The Old Rd, Stevenson Ranch, CA 91381, United States",Dogs allowed,,ChIJd20tA8-GwoAR4DGNRQDJWUM
2026-08-02 21:08:33,Info/Office,imt5700023@newapthome.com,+16614638493,General Contact,IMT Stevenson Ranch,https://www.imtresidential.com/properties/imt-stevenson-ranch/?utm_source=google&utm_medium=organic,"Apartment complex, Apartment building, Apartment rental agency",287,4.1,"25399 The Old Rd, Stevenson Ranch, CA 91381, United States",Dogs allowed,,ChIJd20tA8-GwoAR4DGNRQDJWUM
2026-08-02 21:08:33,Info/Office,imt5700@imtresidential.com,+16614638493,General Contact,IMT Stevenson Ranch,https://www.imtresidential.com/properties/imt-stevenson-ranch/?utm_source=google&utm_medium=organic,"Apartment complex, Apartment building, Apartment rental agency",287,4.1,"25399 The Old Rd, Stevenson Ranch, CA 91381, United States",Dogs allowed,,ChIJd20tA8-GwoAR4DGNRQDJWUM
2026-08-02 21:08:33,Info/Office,imt6500024@newapthome.com,+16614638493,General Contact,IMT Stevenson Ranch,https://www.imtresidential.com/properties/imt-stevenson-ranch/?utm_source=google&utm_medium=organic,"Apartment complex, Apartment building, Apartment rental agency",287,4.1,"25399 The Old Rd, Stevenson Ranch, CA 91381, United States",Dogs allowed,,ChIJd20tA8-GwoAR4DGNRQDJWUM
2026-08-02 21:08:33,Info/Office,imt6500@imtresidential.com,+16614638493,General Contact,IMT Stevenson Ranch,https://www.imtresidential.com/properties/imt-stevenson-ranch/?utm_source=google&utm_medium=organic,"Apartment complex, Apartment building, Apartment rental agency",287,4.1,"25399 The Old Rd, Stevenson Ranch, CA 91381, United States",Dogs allowed,,ChIJd20tA8-GwoAR4DGNRQDJWUM
2026-08-02 21:08:33,Info/Office,imt8south024@newapthome.com,+16614638493,General Contact,IMT Stevenson Ranch,https://www.imtresidential.com/properties/imt-stevenson-ranch/?utm_source=google&utm_medium=organic,"Apartment complex, Apartment building, Apartment rental agency",287,4.1,"25399 The Old Rd, Stevenson Ranch, CA 91381, United States",Dogs allowed,,ChIJd20tA8-GwoAR4DGNRQDJWUM
2026-08-02 21:08:33,Info/Office,imt8south@imtresidential.com,+16614638493,General Contact,IMT Stevenson Ranch,https://www.imtresidential.com/properties/imt-stevenson-ranch/?utm_source=google&utm_medium=organic,"Apartment complex, Apartment building, Apartment rental agency",287,4.1,"25399 The Old Rd, Stevenson Ranch, CA 91381, United States",Dogs allowed,,ChIJd20tA8-GwoAR4DGNRQDJWUM
2026-08-02 21:08:33,Info/Office,imtahwatukee014@newapthome.com,+16614638493,General Contact,IMT Stevenson Ranch,https://www.imtresidential.com/properties/imt-stevenson-ranch/?utm_source=google&utm_medium=organic,"Apartment complex, Apartment building, Apartment rental agency",287,4.1,"25399 The Old Rd, Stevenson Ranch, CA 91381, United States",Dogs allowed,,ChIJd20tA8-GwoAR4DGNRQDJWUM
2026-08-02 21:08:33,Info/Office,imtahwatukee@imtresidential.com,+16614638493,General Contact,IMT Stevenson Ranch,https://www.imtresidential.com/properties/imt-stevenson-ranch/?utm_source=google&utm_medium=organic,"Apartment complex, Apartment building, Apartment rental agency",287,4.1,"25399 The Old Rd, Stevenson Ranch, CA 91381, United States",Dogs allowed,,ChIJd20tA8-GwoAR4DGNRQDJWUM
2026-08-02 21:08:33,Info/Office,imtalpharetta015@newapthome.com,+16614638493,General Contact,IMT Stevenson Ranch,https://www.imtresidential.com/properties/imt-stevenson-ranch/?utm_source=google&utm_medium=organic,"Apartment complex, Apartment building, Apartment rental agency",287,4.1,"25399 The Old Rd, Stevenson Ranch, CA 91381, United States",Dogs allowed,,ChIJd20tA8-GwoAR4DGNRQDJWUM
2026-08-02 21:08:33,Info/Office,imtalpharetta@imtresidential.com,+16614638493,General Contact,IMT Stevenson Ranch,https://www.imtresidential.com/properties/imt-stevenson-ranch/?utm_source=google&utm_medium=organic,"Apartment complex, Apartment building, Apartment rental agency",287,4.1,"25399 The Old Rd, Stevenson Ranch, CA 91381, United States",Dogs allowed,,ChIJd20tA8-GwoAR4DGNRQDJWUM
2026-08-02 21:08:33,Info/Office,imtatcitypark026@newapthome.com,+16614638493,General Contact,IMT Stevenson Ranch,https://www.imtresidential.com/properties/imt-stevenson-ranch/?utm_source=google&utm_medium=organic,"Apartment complex, Apartment building, Apartment rental agency",287,4.1,"25399 The Old Rd, Stevenson Ranch, CA 91381, United States",Dogs allowed,,ChIJd20tA8-GwoAR4DGNRQDJWUM
2026-08-02 21:08:33,Info/Office,imtatcitypark@imtresidential.com,+16614638493,General Contact,IMT Stevenson Ranch,https://www.imtresidential.com/properties/imt-stevenson-ranch/?utm_source=google&utm_medium=organic,"Apartment complex, Apartment building, Apartment rental agency",287,4.1,"25399 The Old Rd, Stevenson Ranch, CA 91381, United States",Dogs allowed,,ChIJd20tA8-GwoAR4DGNRQDJWUM
2026-08-02 21:08:33,Info/Office,imtatridgegate029@newapthome.com,+16614638493,General Contact,IMT Stevenson Ranch,https://www.imtresidential.com/properties/imt-stevenson-ranch/?utm_source=google&utm_medium=organic,"Apartment complex, Apartment building, Apartment rental agency",287,4.1,"25399 The Old Rd, Stevenson Ranch, CA 91381, United States",Dogs allowed,,ChIJd20tA8-GwoAR4DGNRQDJWUM
2026-08-02 21:08:33,Info/Office,imtatthegalleria026@newapthome.com,+16614638493,General Contact,IMT Stevenson Ranch,https://www.imtresidential.com/properties/imt-stevenson-ranch/?utm_source=google&utm_medium=organic,"Apartment complex, Apartment building, Apartment rental agency",287,4.1,"25399 The Old Rd, Stevenson Ranch, CA 91381, United States",Dogs allowed,,ChIJd20tA8-GwoAR4DGNRQDJWUM
2026-08-02 21:08:33,Info/Office,imtatthegalleria@imtresidential.com,+16614638493,General Contact,IMT Stevenson Ranch,https://www.imtresidential.com/properties/imt-stevenson-ranch/?utm_source=google&utm_medium=organic,"Apartment complex, Apartment building, Apartment rental agency",287,4.1,"25399 The Old Rd, Stevenson Ranch, CA 91381, United States",Dogs allowed,,ChIJd20tA8-GwoAR4DGNRQDJWUM
2026-08-02 21:08:33,Info/Office,imtballantyne023@newapthome.com,+16614638493,General Contact,IMT Stevenson Ranch,https://www.imtresidential.com/properties/imt-stevenson-ranch/?utm_source=google&utm_medium=organic,"Apartment complex, Apartment building, Apartment rental agency",287,4.1,"25399 The Old Rd, Stevenson Ranch, CA 91381, United States",Dogs allowed,,ChIJd20tA8-GwoAR4DGNRQDJWUM
2026-08-02 21:08:33,Info/Office,imtballantyne@imtresidential.com,+16614638493,General Contact,IMT Stevenson Ranch,https://www.imtresidential.com/properties/imt-stevenson-ranch/?utm_source=google&utm_medium=organic,"Apartment complex, Apartment building, Apartment rental agency",287,4.1,"25399 The Old Rd, Stevenson Ranch, CA 91381, United States",Dogs allowed,,ChIJd20tA8-GwoAR4DGNRQDJWUM
2026-08-02 21:08:33,Info/Office,imtbelaseraatforesthills020@newapthome.com,+16614638493,General Contact,IMT Stevenson Ranch,https://www.imtresidential.com/properties/imt-stevenson-ranch/?utm_source=google&utm_medium=organic,"Apartment complex, Apartment building, Apartment rental agency",287,4.1,"25399 The Old Rd, Stevenson Ranch, CA 91381, United States",Dogs allowed,,ChIJd20tA8-GwoAR4DGNRQDJWUM
2026-08-02 21:08:33,Info/Office,imtbelaseraatfulton@imtresidential.com,+16614638493,General Contact,IMT Stevenson Ranch,https://www.imtresidential.com/properties/imt-stevenson-ranch/?utm_source=google&utm_medium=organic,"Apartment complex, Apartment building, Apartment rental agency",287,4.1,"25399 The Old Rd, Stevenson Ranch, CA 91381, United States",Dogs allowed,,ChIJd20tA8-GwoAR4DGNRQDJWUM
2026-08-02 21:08:33,Info/Office,imtbelaseraatshermanway@imtresidential.com,+16614638493,General Contact,IMT Stevenson Ranch,https://www.imtresidential.com/properties/imt-stevenson-ranch/?utm_source=google&utm_medium=organic,"Apartment complex, Apartment building, Apartment rental agency",287,4.1,"25399 The Old Rd, Stevenson Ranch, CA 91381, United States",Dogs allowed,,ChIJd20tA8-GwoAR4DGNRQDJWUM
2026-08-02 21:08:33,Info/Office,imtbelaseraatsuperior@imtresidential.com,+16614638493,General Contact,IMT Stevenson Ranch,https://www.imtresidential.com/properties/imt-stevenson-ranch/?utm_source=google&utm_medium=organic,"Apartment complex, Apartment building, Apartment rental agency",287,4.1,"25399 The Old Rd, Stevenson Ranch, CA 91381, United States",Dogs allowed,,ChIJd20tA8-GwoAR4DGNRQDJWUM
2026-08-02 21:08:33,Info/Office,imtbelaseraforesthills@imtresidential.com,+16614638493,General Contact,IMT Stevenson Ranch,https://www.imtresidential.com/properties/imt-stevenson-ranch/?utm_source=google&utm_medium=organic,"Apartment complex, Apartment building, Apartment rental agency",287,4.1,"25399 The Old Rd, Stevenson Ranch, CA 91381, United States",Dogs allowed,,ChIJd20tA8-GwoAR4DGNRQDJWUM
2026-08-02 21:08:33,Info/Office,imtboyntonbeach021@newapthome.com,+16614638493,General Contact,IMT Stevenson Ranch,https://www.imtresidential.com/properties/imt-stevenson-ranch/?utm_source=google&utm_medium=organic,"Apartment complex, Apartment building, Apartment rental agency",287,4.1,"25399 The Old Rd, Stevenson Ranch, CA 91381, United States",Dogs allowed,,ChIJd20tA8-GwoAR4DGNRQDJWUM
2026-08-02 21:08:33,Info/Office,imtboyntonbeach@imtresidential.com,+16614638493,General Contact,IMT Stevenson Ranch,https://www.imtresidential.com/properties/imt-stevenson-ranch/?utm_source=google&utm_medium=organic,"Apartment complex, Apartment building, Apartment rental agency",287,4.1,"25399 The Old Rd, Stevenson Ranch, CA 91381, United States",Dogs allowed,,ChIJd20tA8-GwoAR4DGNRQDJWUM
2026-08-02 21:08:33,Info/Office,imtbuckhead019@newapthome.com,+16614638493,General Contact,IMT Stevenson Ranch,https://www.imtresidential.com/properties/imt-stevenson-ranch/?utm_source=google&utm_medium=organic,"Apartment complex, Apartment building, Apartment rental agency",287,4.1,"25399 The Old Rd, Stevenson Ranch, CA 91381, United States",Dogs allowed,,ChIJd20tA8-GwoAR4DGNRQDJWUM
2026-08-02 21:08:33,Info/Office,imtbuckheadon26th@imtresidential.com,+16614638493,General Contact,IMT Stevenson Ranch,https://www.imtresidential.com/properties/imt-stevenson-ranch/?utm_source=google&utm_medium=organic,"Apartment complex, Apartment building, Apartment rental agency",287,4.1,"25399 The Old Rd, Stevenson Ranch, CA 91381, United States",Dogs allowed,,ChIJd20tA8-GwoAR4DGNRQDJWUM
2026-08-02 21:08:33,Info/Office,imtchandler018@newapthome.com,+16614638493,General Contact,IMT Stevenson Ranch,https://www.imtresidential.com/properties/imt-stevenson-ranch/?utm_source=google&utm_medium=organic,"Apartment complex, Apartment building, Apartment rental agency",287,4.1,"25399 The Old Rd, Stevenson Ranch, CA 91381, United States",Dogs allowed,,ChIJd20tA8-GwoAR4DGNRQDJWUM
2026-08-02 21:08:33,Info/Office,imtchandler@imtresidential.com,+16614638493,General Contact,IMT Stevenson Ranch,https://www.imtresidential.com/properties/imt-stevenson-ranch/?utm_source=google&utm_medium=organic,"Apartment complex, Apartment building, Apartment rental agency",287,4.1,"25399 The Old Rd, Stevenson Ranch, CA 91381, United States",Dogs allowed,,ChIJd20tA8-GwoAR4DGNRQDJWUM
2026-08-02 21:08:33,Info/Office,imtcherrycreek026@newapthome.com,+16614638493,General Contact,IMT Stevenson Ranch,https://www.imtresidential.com/properties/imt-stevenson-ranch/?utm_source=google&utm_medium=organic,"Apartment complex, Apartment building, Apartment rental agency",287,4.1,"25399 The Old Rd, Stevenson Ranch, CA 91381, United States",Dogs allowed,,ChIJd20tA8-GwoAR4DGNRQDJWUM
2026-08-02 21:08:33,Info/Office,imtcherrycreek@imtresidential.com,+16614638493,General Contact,IMT Stevenson Ranch,https://www.imtresidential.com/properties/imt-stevenson-ranch/?utm_source=google&utm_medium=organic,"Apartment complex, Apartment building, Apartment rental agency",287,4.1,"25399 The Old Rd, Stevenson Ranch, CA 91381, United States",Dogs allowed,,ChIJd20tA8-GwoAR4DGNRQDJWUM
2026-08-02 21:08:33,Info/Office,imtcincoranch013@newapthome.com,+16614638493,General Contact,IMT Stevenson Ranch,https://www.imtresidential.com/properties/imt-stevenson-ranch/?utm_source=google&utm_medium=organic,"Apartment complex, Apartment building, Apartment rental agency",287,4.1,"25399 The Old Rd, Stevenson Ranch, CA 91381, United States",Dogs allowed,,ChIJd20tA8-GwoAR4DGNRQDJWUM
2026-08-02 21:08:33,Info/Office,imtcincoranch@imtresidential.com,+16614638493,General Contact,IMT Stevenson Ranch,https://www.imtresidential.com/properties/imt-stevenson-ranch/?utm_source=google&utm_medium=organic,"Apartment complex, Apartment building, Apartment rental agency",287,4.1,"25399 The Old Rd, Stevenson Ranch, CA 91381, United States",Dogs allowed,,ChIJd20tA8-GwoAR4DGNRQDJWUM
2026-08-02 21:08:33,Info/Office,imtcoolsprings029@newapthome.com,+16614638493,General Contact,IMT Stevenson Ranch,https://www.imtresidential.com/properties/imt-stevenson-ranch/?utm_source=google&utm_medium=organic,"Apartment complex, Apartment building, Apartment rental agency",287,4.1,"25399 The Old Rd, Stevenson Ranch, CA 91381, United States",Dogs allowed,,ChIJd20tA8-GwoAR4DGNRQDJWUM
2026-08-02 21:08:33,Info/Office,imtcoolsprings@imtresidential.com,+16614638493,General Contact,IMT Stevenson Ranch,https://www.imtresidential.com/properties/imt-stevenson-ranch/?utm_source=google&utm_medium=organic,"Apartment complex, Apartment building, Apartment rental agency",287,4.1,"25399 The Old Rd, Stevenson Ranch, CA 91381, United States",Dogs allowed,,ChIJd20tA8-GwoAR4DGNRQDJWUM
2026-08-02 21:08:33,Info/Office,imtcornerstarranch031@newapthome.com,+16614638493,General Contact,IMT Stevenson Ranch,https://www.imtresidential.com/properties/imt-stevenson-ranch/?utm_source=google&utm_medium=organic,"Apartment complex, Apartment building, Apartment rental agency",287,4.1,"25399 The Old Rd, Stevenson Ranch, CA 91381, United States",Dogs allowed,,ChIJd20tA8-GwoAR4DGNRQDJWUM
2026-08-02 21:08:33,Info/Office,imtcornerstarranch@imtresidential.com,+16614638493,General Contact,IMT Stevenson Ranch,https://www.imtresidential.com/properties/imt-stevenson-ranch/?utm_source=google&utm_medium=organic,"Apartment complex, Apartment building, Apartment rental agency",287,4.1,"25399 The Old Rd, Stevenson Ranch, CA 91381, United States",Dogs allowed,,ChIJd20tA8-GwoAR4DGNRQDJWUM
2026-08-02 21:08:33,Info/Office,imtdaytonstation024@newapthome.com,+16614638493,General Contact,IMT Stevenson Ranch,https://www.imtresidential.com/properties/imt-stevenson-ranch/?utm_source=google&utm_medium=organic,"Apartment complex, Apartment building, Apartment rental agency",287,4.1,"25399 The Old Rd, Stevenson Ranch, CA 91381, United States",Dogs allowed,,ChIJd20tA8-GwoAR4DGNRQDJWUM
2026-08-02 21:08:33,Info/Office,imtdaytonstation@imtresidential.com,+16614638493,General Contact,IMT Stevenson Ranch,https://www.imtresidential.com/properties/imt-stevenson-ranch/?utm_source=google&utm_medium=organic,"Apartment complex, Apartment building, Apartment rental agency",287,4.1,"25399 The Old Rd, Stevenson Ranch, CA 91381, United States",Dogs allowed,,ChIJd20tA8-GwoAR4DGNRQDJWUM
2026-08-02 21:08:33,Info/Office,imtdeerfield025@newapthome.com,+16614638493,General Contact,IMT Stevenson Ranch,https://www.imtresidential.com/properties/imt-stevenson-ranch/?utm_source=google&utm_medium=organic,"Apartment complex, Apartment building, Apartment rental agency",287,4.1,"25399 The Old Rd, Stevenson Ranch, CA 91381, United States",Dogs allowed,,ChIJd20tA8-GwoAR4DGNRQDJWUM
2026-08-02 21:08:33,Info/Office,imtdeerfield@imtresidential.com,+16614638493,General Contact,IMT Stevenson Ranch,https://www.imtresidential.com/properties/imt-stevenson-ranch/?utm_source=google&utm_medium=organic,"Apartment complex, Apartment building, Apartment rental agency",287,4.1,"25399 The Old Rd, Stevenson Ranch, CA 91381, United States",Dogs allowed,,ChIJd20tA8-GwoAR4DGNRQDJWUM
2026-08-02 21:08:33,Info/Office,imtdesertpalmvillage@imtresidential.com,+16614638493,General Contact,IMT Stevenson Ranch,https://www.imtresidential.com/properties/imt-stevenson-ranch/?utm_source=google&utm_medium=organic,"Apartment complex, Apartment building, Apartment rental agency",287,4.1,"25399 The Old Rd, Stevenson Ranch, CA 91381, United States",Dogs allowed,,ChIJd20tA8-GwoAR4DGNRQDJWUM
2026-08-02 21:08:33,Info/Office,imtdesertridge002@newapthome.com,+16614638493,General Contact,IMT Stevenson Ranch,https://www.imtresidential.com/properties/imt-stevenson-ranch/?utm_source=google&utm_medium=organic,"Apartment complex, Apartment building, Apartment rental agency",287,4.1,"25399 The Old Rd, Stevenson Ranch, CA 91381, United States",Dogs allowed,,ChIJd20tA8-GwoAR4DGNRQDJWUM
2026-08-02 21:08:33,Info/Office,imtdevonshire@imtresidential.com,+16614638493,General Contact,IMT Stevenson Ranch,https://www.imtresidential.com/properties/imt-stevenson-ranch/?utm_source=google&utm_medium=organic,"Apartment complex, Apartment building, Apartment rental agency",287,4.1,"25399 The Old Rd, Stevenson Ranch, CA 91381, United States",Dogs allowed,,ChIJd20tA8-GwoAR4DGNRQDJWUM
2026-08-02 21:08:33,Info/Office,imtedgewater013@newapthome.com,+16614638493,General Contact,IMT Stevenson Ranch,https://www.imtresidential.com/properties/imt-stevenson-ranch/?utm_source=google&utm_medium=organic,"Apartment complex, Apartment building, Apartment rental agency",287,4.1,"25399 The Old Rd, Stevenson Ranch, CA 91381, United States",Dogs allowed,,ChIJd20tA8-GwoAR4DGNRQDJWUM
2026-08-02 21:08:33,Info/Office,imtedgewater@imtresidential.com,+16614638493,General Contact,IMT Stevenson Ranch,https://www.imtresidential.com/properties/imt-stevenson-ranch/?utm_source=google&utm_medium=organic,"Apartment complex, Apartment building, Apartment rental agency",287,4.1,"25399 The Old Rd, Stevenson Ranch, CA 91381, United States",Dogs allowed,,ChIJd20tA8-GwoAR4DGNRQDJWUM
2026-08-02 21:08:33,Info/Office,imtfranklingateway025@newapthome.com,+16614638493,General Contact,IMT Stevenson Ranch,https://www.imtresidential.com/properties/imt-stevenson-ranch/?utm_source=google&utm_medium=organic,"Apartment complex, Apartment building, Apartment rental agency",287,4.1,"25399 The Old Rd, Stevenson Ranch, CA 91381, United States",Dogs allowed,,ChIJd20tA8-GwoAR4DGNRQDJWUM
2026-08-02 21:08:33,Info/Office,imtfranklingateway@imtresidential.com,+16614638493,General Contact,IMT Stevenson Ranch,https://www.imtresidential.com/properties/imt-stevenson-ranch/?utm_source=google&utm_medium=organic,"Apartment complex, Apartment building, Apartment rental agency",287,4.1,"25399 The Old Rd, Stevenson Ranch, CA 91381, United States",Dogs allowed,,ChIJd20tA8-GwoAR4DGNRQDJWUM
2026-08-02 21:08:33,Info/Office,imtgallery421026@newapthome.com,+16614638493,General Contact,IMT Stevenson Ranch,https://www.imtresidential.com/properties/imt-stevenson-ranch/?utm_source=google&utm_medium=organic,"Apartment complex, Apartment building, Apartment rental agency",287,4.1,"25399 The Old Rd, Stevenson Ranch, CA 91381, United States",Dogs allowed,,ChIJd20tA8-GwoAR4DGNRQDJWUM
2026-08-02 21:08:33,Info/Office,imtgallery421@imtresidential.com,+16614638493,General Contact,IMT Stevenson Ranch,https://www.imtresidential.com/properties/imt-stevenson-ranch/?utm_source=google&utm_medium=organic,"Apartment complex, Apartment building, Apartment rental agency",287,4.1,"25399 The Old Rd, Stevenson Ranch, CA 91381, United States",Dogs allowed,,ChIJd20tA8-GwoAR4DGNRQDJWUM
2026-08-02 21:08:33,Info/Office,imtgermantown018@newapthome.com,+16614638493,General Contact,IMT Stevenson Ranch,https://www.imtresidential.com/properties/imt-stevenson-ranch/?utm_source=google&utm_medium=organic,"Apartment complex, Apartment building, Apartment rental agency",287,4.1,"25399 The Old Rd, Stevenson Ranch, CA 91381, United States",Dogs allowed,,ChIJd20tA8-GwoAR4DGNRQDJWUM
2026-08-02 21:08:33,Info/Office,imtgermantown@imtresidential.com,+16614638493,General Contact,IMT Stevenson Ranch,https://www.imtresidential.com/properties/imt-stevenson-ranch/?utm_source=google&utm_medium=organic,"Apartment complex, Apartment building, Apartment rental agency",287,4.1,"25399 The Old Rd, Stevenson Ranch, CA 91381, United States",Dogs allowed,,ChIJd20tA8-GwoAR4DGNRQDJWUM
2026-08-02 21:08:33,Info/Office,imtgulfstream@imtresidential.com,+16614638493,General Contact,IMT Stevenson Ranch,https://www.imtresidential.com/properties/imt-stevenson-ranch/?utm_source=google&utm_medium=organic,"Apartment complex, Apartment building, Apartment rental agency",287,4.1,"25399 The Old Rd, Stevenson Ranch, CA 91381, United States",Dogs allowed,,ChIJd20tA8-GwoAR4DGNRQDJWUM
2026-08-02 21:08:33,Info/Office,imthoffman16@newapthome.com,+16614638493,General Contact,IMT Stevenson Ranch,https://www.imtresidential.com/properties/imt-stevenson-ranch/?utm_source=google&utm_medium=organic,"Apartment complex, Apartment building, Apartment rental agency",287,4.1,"25399 The Old Rd, Stevenson Ranch, CA 91381, United States",Dogs allowed,,ChIJd20tA8-GwoAR4DGNRQDJWUM
2026-08-02 21:08:33,Info/Office,imthoffman@imtresidential.com,+16614638493,General Contact,IMT Stevenson Ranch,https://www.imtresidential.com/properties/imt-stevenson-ranch/?utm_source=google&utm_medium=organic,"Apartment complex, Apartment building, Apartment rental agency",287,4.1,"25399 The Old Rd, Stevenson Ranch, CA 91381, United States",Dogs allowed,,ChIJd20tA8-GwoAR4DGNRQDJWUM
2026-08-02 21:08:33,Info/Office,imthylandhills024@newapthome.com,+16614638493,General Contact,IMT Stevenson Ranch,https://www.imtresidential.com/properties/imt-stevenson-ranch/?utm_source=google&utm_medium=organic,"Apartment complex, Apartment building, Apartment rental agency",287,4.1,"25399 The Old Rd, Stevenson Ranch, CA 91381, United States",Dogs allowed,,ChIJd20tA8-GwoAR4DGNRQDJWUM
2026-08-02 21:08:33,Info/Office,imthylandhills@imtresidential.com,+16614638493,General Contact,IMT Stevenson Ranch,https://www.imtresidential.com/properties/imt-stevenson-ranch/?utm_source=google&utm_medium=organic,"Apartment complex, Apartment building, Apartment rental agency",287,4.1,"25399 The Old Rd, Stevenson Ranch, CA 91381, United States",Dogs allowed,,ChIJd20tA8-GwoAR4DGNRQDJWUM
2026-08-02 21:08:33,Info/Office,imtlagunaniguel003@newapthome.com,+16614638493,General Contact,IMT Stevenson Ranch,https://www.imtresidential.com/properties/imt-stevenson-ranch/?utm_source=google&utm_medium=organic,"Apartment complex, Apartment building, Apartment rental agency",287,4.1,"25399 The Old Rd, Stevenson Ranch, CA 91381, United States",Dogs allowed,,ChIJd20tA8-GwoAR4DGNRQDJWUM
2026-08-02 21:08:33,Info/Office,imtlagunaniguel@imtresidential.com,+16614638493,General Contact,IMT Stevenson Ranch,https://www.imtresidential.com/properties/imt-stevenson-ranch/?utm_source=google&utm_medium=organic,"Apartment complex, Apartment building, Apartment rental agency",287,4.1,"25399 The Old Rd, Stevenson Ranch, CA 91381, United States",Dogs allowed,,ChIJd20tA8-GwoAR4DGNRQDJWUM
2026-08-02 21:08:33,Info/Office,imtlakehouse021@newapthome.com,+16614638493,General Contact,IMT Stevenson Ranch,https://www.imtresidential.com/properties/imt-stevenson-ranch/?utm_source=google&utm_medium=organic,"Apartment complex, Apartment building, Apartment rental agency",287,4.1,"25399 The Old Rd, Stevenson Ranch, CA 91381, United States",Dogs allowed,,ChIJd20tA8-GwoAR4DGNRQDJWUM
2026-08-02 21:08:33,Info/Office,imtlakehouse@imtresidential.com,+16614638493,General Contact,IMT Stevenson Ranch,https://www.imtresidential.com/properties/imt-stevenson-ranch/?utm_source=google&utm_medium=organic,"Apartment complex, Apartment building, Apartment rental agency",287,4.1,"25399 The Old Rd, Stevenson Ranch, CA 91381, United States",Dogs allowed,,ChIJd20tA8-GwoAR4DGNRQDJWUM
2026-08-02 21:08:33,Info/Office,imtlakemary018@newapthome.com,+16614638493,General Contact,IMT Stevenson Ranch,https://www.imtresidential.com/properties/imt-stevenson-ranch/?utm_source=google&utm_medium=organic,"Apartment complex, Apartment building, Apartment rental agency",287,4.1,"25399 The Old Rd, Stevenson Ranch, CA 91381, United States",Dogs allowed,,ChIJd20tA8-GwoAR4DGNRQDJWUM
2026-08-02 21:08:33,Info/Office,imtlakemary@imtresidential.com,+16614638493,General Contact,IMT Stevenson Ranch,https://www.imtresidential.com/properties/imt-stevenson-ranch/?utm_source=google&utm_medium=organic,"Apartment complex, Apartment building, Apartment rental agency",287,4.1,"25399 The Old Rd, Stevenson Ranch, CA 91381, United States",Dogs allowed,,ChIJd20tA8-GwoAR4DGNRQDJWUM
2026-08-02 21:08:33,Info/Office,imtlowry018@newapthome.com,+16614638493,General Contact,IMT Stevenson Ranch,https://www.imtresidential.com/properties/imt-stevenson-ranch/?utm_source=google&utm_medium=organic,"Apartment complex, Apartment building, Apartment rental agency",287,4.1,"25399 The Old Rd, Stevenson Ranch, CA 91381, United States",Dogs allowed,,ChIJd20tA8-GwoAR4DGNRQDJWUM
2026-08-02 21:08:33,Info/Office,imtlowry@imtresidential.com,+16614638493,General Contact,IMT Stevenson Ranch,https://www.imtresidential.com/properties/imt-stevenson-ranch/?utm_source=google&utm_medium=organic,"Apartment complex, Apartment building, Apartment rental agency",287,4.1,"25399 The Old Rd, Stevenson Ranch, CA 91381, United States",Dogs allowed,,ChIJd20tA8-GwoAR4DGNRQDJWUM
2026-08-02 21:08:33,Info/Office,imtmissionvalley0141@newapthome.com,+16614638493,General Contact,IMT Stevenson Ranch,https://www.imtresidential.com/properties/imt-stevenson-ranch/?utm_source=google&utm_medium=organic,"Apartment complex, Apartment building, Apartment rental agency",287,4.1,"25399 The Old Rd, Stevenson Ranch, CA 91381, United States",Dogs allowed,,ChIJd20tA8-GwoAR4DGNRQDJWUM
2026-08-02 21:08:33,Info/Office,imtmissionvalley@imtresidential.com,+16614638493,General Contact,IMT Stevenson Ranch,https://www.imtresidential.com/properties/imt-stevenson-ranch/?utm_source=google&utm_medium=organic,"Apartment complex, Apartment building, Apartment rental agency",287,4.1,"25399 The Old Rd, Stevenson Ranch, CA 91381, United States",Dogs allowed,,ChIJd20tA8-GwoAR4DGNRQDJWUM
2026-08-02 21:08:33,Info/Office,imtmoorpark@imtresidential.com,+16614638493,General Contact,IMT Stevenson Ranch,https://www.imtresidential.com/properties/imt-stevenson-ranch/?utm_source=google&utm_medium=organic,"Apartment complex, Apartment building, Apartment rental agency",287,4.1,"25399 The Old Rd, Stevenson Ranch, CA 91381, United States",Dogs allowed,,ChIJd20tA8-GwoAR4DGNRQDJWUM
2026-08-02 21:08:33,Info/Office,imtnorthscottsdale003@newapthome.com,+16614638493,General Contact,IMT Stevenson Ranch,https://www.imtresidential.com/properties/imt-stevenson-ranch/?utm_source=google&utm_medium=organic,"Apartment complex, Apartment building, Apartment rental agency",287,4.1,"25399 The Old Rd, Stevenson Ranch, CA 91381, United States",Dogs allowed,,ChIJd20tA8-GwoAR4DGNRQDJWUM
2026-08-02 21:08:33,Info/Office,imtnorthscottsdale@imtresidential.com,+16614638493,General Contact,IMT Stevenson Ranch,https://www.imtresidential.com/properties/imt-stevenson-ranch/?utm_source=google&utm_medium=organic,"Apartment complex, Apartment building, Apartment rental agency",287,4.1,"25399 The Old Rd, Stevenson Ranch, CA 91381, United States",Dogs allowed,,ChIJd20tA8-GwoAR4DGNRQDJWUM
2026-08-02 21:08:33,Info/Office,imtpleasanthill021@newapthome.com,+16614638493,General Contact,IMT Stevenson Ranch,https://www.imtresidential.com/properties/imt-stevenson-ranch/?utm_source=google&utm_medium=organic,"Apartment complex, Apartment building, Apartment rental agency",287,4.1,"25399 The Old Rd, Stevenson Ranch, CA 91381, United States",Dogs allowed,,ChIJd20tA8-GwoAR4DGNRQDJWUM
2026-08-02 21:08:33,Info/Office,imtpleasanthill@imtresidential.com,+16614638493,General Contact,IMT Stevenson Ranch,https://www.imtresidential.com/properties/imt-stevenson-ranch/?utm_source=google&utm_medium=organic,"Apartment complex, Apartment building, Apartment rental agency",287,4.1,"25399 The Old Rd, Stevenson Ranch, CA 91381, United States",Dogs allowed,,ChIJd20tA8-GwoAR4DGNRQDJWUM
2026-08-02 21:08:33,Info/Office,imtpleasanton023@newapthome.com,+16614638493,General Contact,IMT Stevenson Ranch,https://www.imtresidential.com/properties/imt-stevenson-ranch/?utm_source=google&utm_medium=organic,"Apartment complex, Apartment building, Apartment rental agency",287,4.1,"25399 The Old Rd, Stevenson Ranch, CA 91381, United States",Dogs allowed,,ChIJd20tA8-GwoAR4DGNRQDJWUM
2026-08-02 21:08:33,Info/Office,imtpleasanton@imtresidential.com,+16614638493,General Contact,IMT Stevenson Ranch,https://www.imtresidential.com/properties/imt-stevenson-ranch/?utm_source=google&utm_medium=organic,"Apartment complex, Apartment building, Apartment rental agency",287,4.1,"25399 The Old Rd, Stevenson Ranch, CA 91381, United States",Dogs allowed,,ChIJd20tA8-GwoAR4DGNRQDJWUM
2026-08-02 21:08:33,Info/Office,imtprestonwood029@newapthome.com,+16614638493,General Contact,IMT Stevenson Ranch,https://www.imtresidential.com/properties/imt-stevenson-ranch/?utm_source=google&utm_medium=organic,"Apartment complex, Apartment building, Apartment rental agency",287,4.1,"25399 The Old Rd, Stevenson Ranch, CA 91381, United States",Dogs allowed,,ChIJd20tA8-GwoAR4DGNRQDJWUM
2026-08-02 21:08:33,Info/Office,imtprestonwood@imtresidential.com,+16614638493,General Contact,IMT Stevenson Ranch,https://www.imtresidential.com/properties/imt-stevenson-ranch/?utm_source=google&utm_medium=organic,"Apartment complex, Apartment building, Apartment rental agency",287,4.1,"25399 The Old Rd, Stevenson Ranch, CA 91381, United States",Dogs allowed,,ChIJd20tA8-GwoAR4DGNRQDJWUM
2026-08-02 21:08:33,Info/Office,imtridgegate@imtresidential.com,+16614638493,General Contact,IMT Stevenson Ranch,https://www.imtresidential.com/properties/imt-stevenson-ranch/?utm_source=google&utm_medium=organic,"Apartment complex, Apartment building, Apartment rental agency",287,4.1,"25399 The Old Rd, Stevenson Ranch, CA 91381, United States",Dogs allowed,,ChIJd20tA8-GwoAR4DGNRQDJWUM
2026-08-02 21:08:33,Info/Office,imtriverview019@newapthome.com,+16614638493,General Contact,IMT Stevenson Ranch,https://www.imtresidential.com/properties/imt-stevenson-ranch/?utm_source=google&utm_medium=organic,"Apartment complex, Apartment building, Apartment rental agency",287,4.1,"25399 The Old Rd, Stevenson Ranch, CA 91381, United States",Dogs allowed,,ChIJd20tA8-GwoAR4DGNRQDJWUM
2026-08-02 21:08:33,Info/Office,imtriverview@imtresidential.com,+16614638493,General Contact,IMT Stevenson Ranch,https://www.imtresidential.com/properties/imt-stevenson-ranch/?utm_source=google&utm_medium=organic,"Apartment complex, Apartment building, Apartment rental agency",287,4.1,"25399 The Old Rd, Stevenson Ranch, CA 91381, United States",Dogs allowed,,ChIJd20tA8-GwoAR4DGNRQDJWUM
2026-08-02 21:08:33,Info/Office,imtsonomahills023@newapthome.com,+16614638493,General Contact,IMT Stevenson Ranch,https://www.imtresidential.com/properties/imt-stevenson-ranch/?utm_source=google&utm_medium=organic,"Apartment complex, Apartment building, Apartment rental agency",287,4.1,"25399 The Old Rd, Stevenson Ranch, CA 91381, United States",Dogs allowed,,ChIJd20tA8-GwoAR4DGNRQDJWUM
2026-08-02 21:08:33,Info/Office,imtsonomahills@imtresidential.com,+16614638493,General Contact,IMT Stevenson Ranch,https://www.imtresidential.com/properties/imt-stevenson-ranch/?utm_source=google&utm_medium=organic,"Apartment complex, Apartment building, Apartment rental agency",287,4.1,"25399 The Old Rd, Stevenson Ranch, CA 91381, United States",Dogs allowed,,ChIJd20tA8-GwoAR4DGNRQDJWUM
2026-08-02 21:08:33,Info/Office,imtsorrentovalley025@newapthome.com,+16614638493,General Contact,IMT Stevenson Ranch,https://www.imtresidential.com/properties/imt-stevenson-ranch/?utm_source=google&utm_medium=organic,"Apartment complex, Apartment building, Apartment rental agency",287,4.1,"25399 The Old Rd, Stevenson Ranch, CA 91381, United States",Dogs allowed,,ChIJd20tA8-GwoAR4DGNRQDJWUM
2026-08-02 21:08:33,Info/Office,imtsorrentovalley@imtresidential.com,+16614638493,General Contact,IMT Stevenson Ranch,https://www.imtresidential.com/properties/imt-stevenson-ranch/?utm_source=google&utm_medium=organic,"Apartment complex, Apartment building, Apartment rental agency",287,4.1,"25399 The Old Rd, Stevenson Ranch, CA 91381, United States",Dogs allowed,,ChIJd20tA8-GwoAR4DGNRQDJWUM
2026-08-02 21:08:33,Info/Office,imtstevensonranch022@newapthome.com,+16614638493,General Contact,IMT Stevenson Ranch,https://www.imtresidential.com/properties/imt-stevenson-ranch/?utm_source=google&utm_medium=organic,"Apartment complex, Apartment building, Apartment rental agency",287,4.1,"25399 The Old Rd, Stevenson Ranch, CA 91381, United States",Dogs allowed,,ChIJd20tA8-GwoAR4DGNRQDJWUM
2026-08-02 21:08:33,Info/Office,imtstevensonranch@imtresidential.com,+16614638493,General Contact,IMT Stevenson Ranch,https://www.imtresidential.com/properties/imt-stevenson-ranch/?utm_source=google&utm_medium=organic,"Apartment complex, Apartment building, Apartment rental agency",287,4.1,"25399 The Old Rd, Stevenson Ranch, CA 91381, United States",Dogs allowed,,ChIJd20tA8-GwoAR4DGNRQDJWUM
2026-08-02 21:08:33,Info/Office,imtstoneleigh@imtresidential.com,+16614638493,General Contact,IMT Stevenson Ranch,https://www.imtresidential.com/properties/imt-stevenson-ranch/?utm_source=google&utm_medium=organic,"Apartment complex, Apartment building, Apartment rental agency",287,4.1,"25399 The Old Rd, Stevenson Ranch, CA 91381, United States",Dogs allowed,,ChIJd20tA8-GwoAR4DGNRQDJWUM
2026-08-02 21:08:33,Info/Office,imtstoneleighatdeerfield032@newapthome.com,+16614638493,General Contact,IMT Stevenson Ranch,https://www.imtresidential.com/properties/imt-stevenson-ranch/?utm_source=google&utm_medium=organic,"Apartment complex, Apartment building, Apartment rental agency",287,4.1,"25399 The Old Rd, Stevenson Ranch, CA 91381, United States",Dogs allowed,,ChIJd20tA8-GwoAR4DGNRQDJWUM
2026-08-02 21:08:33,Info/Office,imtsummersetvillage003@newapthome.com,+16614638493,General Contact,IMT Stevenson Ranch,https://www.imtresidential.com/properties/imt-stevenson-ranch/?utm_source=google&utm_medium=organic,"Apartment complex, Apartment building, Apartment rental agency",287,4.1,"25399 The Old Rd, Stevenson Ranch, CA 91381, United States",Dogs allowed,,ChIJd20tA8-GwoAR4DGNRQDJWUM
2026-08-02 21:08:33,Info/Office,imtsummersetvillage@imtresidential.com,+16614638493,General Contact,IMT Stevenson Ranch,https://www.imtresidential.com/properties/imt-stevenson-ranch/?utm_source=google&utm_medium=organic,"Apartment complex, Apartment building, Apartment rental agency",287,4.1,"25399 The Old Rd, Stevenson Ranch, CA 91381, United States",Dogs allowed,,ChIJd20tA8-GwoAR4DGNRQDJWUM
2026-08-02 21:08:33,Info/Office,imtuptownpostoak031@newapthome.com,+16614638493,General Contact,IMT Stevenson Ranch,https://www.imtresidential.com/properties/imt-stevenson-ranch/?utm_source=google&utm_medium=organic,"Apartment complex, Apartment building, Apartment rental agency",287,4.1,"25399 The Old Rd, Stevenson Ranch, CA 91381, United States",Dogs allowed,,ChIJd20tA8-GwoAR4DGNRQDJWUM
2026-08-02 21:08:33,Info/Office,imtuptownpostoak@imtresidential.com,+16614638493,General Contact,IMT Stevenson Ranch,https://www.imtresidential.com/properties/imt-stevenson-ranch/?utm_source=google&utm_medium=organic,"Apartment complex, Apartment building, Apartment rental agency",287,4.1,"25399 The Old Rd, Stevenson Ranch, CA 91381, United States",Dogs allowed,,ChIJd20tA8-GwoAR4DGNRQDJWUM
2026-08-02 21:08:33,Info/Office,imtvalleyheart@imtresidential.com,+16614638493,General Contact,IMT Stevenson Ranch,https://www.imtresidential.com/properties/imt-stevenson-ranch/?utm_source=google&utm_medium=organic,"Apartment complex, Apartment building, Apartment rental agency",287,4.1,"25399 The Old Rd, Stevenson Ranch, CA 91381, United States",Dogs allowed,,ChIJd20tA8-GwoAR4DGNRQDJWUM
2026-08-02 21:08:33,Info/Office,imtwoodlandmeadows021@newapthome.com,+16614638493,General Contact,IMT Stevenson Ranch,https://www.imtresidential.com/properties/imt-stevenson-ranch/?utm_source=google&utm_medium=organic,"Apartment complex, Apartment building, Apartment rental agency",287,4.1,"25399 The Old Rd, Stevenson Ranch, CA 91381, United States",Dogs allowed,,ChIJd20tA8-GwoAR4DGNRQDJWUM
2026-08-02 21:08:33,Info/Office,imtwoodlandmeadows@imtresidential.com,+16614638493,General Contact,IMT Stevenson Ranch,https://www.imtresidential.com/properties/imt-stevenson-ranch/?utm_source=google&utm_medium=organic,"Apartment complex, Apartment building, Apartment rental agency",287,4.1,"25399 The Old Rd, Stevenson Ranch, CA 91381, United States",Dogs allowed,,ChIJd20tA8-GwoAR4DGNRQDJWUM
2026-08-02 21:08:33,Info/Office,imtwoodman@imtresidential.com,+16614638493,General Contact,IMT Stevenson Ranch,https://www.imtresidential.com/properties/imt-stevenson-ranch/?utm_source=google&utm_medium=organic,"Apartment complex, Apartment building, Apartment rental agency",287,4.1,"25399 The Old Rd, Stevenson Ranch, CA 91381, United States",Dogs allowed,,ChIJd20tA8-GwoAR4DGNRQDJWUM
2026-08-02 21:08:33,Info/Office,imtwoodranch019@newapthome.com,+16614638493,General Contact,IMT Stevenson Ranch,https://www.imtresidential.com/properties/imt-stevenson-ranch/?utm_source=google&utm_medium=organic,"Apartment complex, Apartment building, Apartment rental agency",287,4.1,"25399 The Old Rd, Stevenson Ranch, CA 91381, United States",Dogs allowed,,ChIJd20tA8-GwoAR4DGNRQDJWUM
2026-08-02 21:08:33,Info/Office,imtwoodranch@imtresidential.com,+16614638493,General Contact,IMT Stevenson Ranch,https://www.imtresidential.com/properties/imt-stevenson-ranch/?utm_source=google&utm_medium=organic,"Apartment complex, Apartment building, Apartment rental agency",287,4.1,"25399 The Old Rd, Stevenson Ranch, CA 91381, United States",Dogs allowed,,ChIJd20tA8-GwoAR4DGNRQDJWUM
2026-08-02 21:08:33,Info/Office,messages@tel-us.biz,+16614638493,General Contact,IMT Stevenson Ranch,https://www.imtresidential.com/properties/imt-stevenson-ranch/?utm_source=google&utm_medium=organic,"Apartment complex, Apartment building, Apartment rental agency",287,4.1,"25399 The Old Rd, Stevenson Ranch, CA 91381, United States",Dogs allowed,,ChIJd20tA8-GwoAR4DGNRQDJWUM
2026-08-02 21:08:33,Info/Office,moorpark014@newapthome.com,+16614638493,General Contact,IMT Stevenson Ranch,https://www.imtresidential.com/properties/imt-stevenson-ranch/?utm_source=google&utm_medium=organic,"Apartment complex, Apartment building, Apartment rental agency",287,4.1,"25399 The Old Rd, Stevenson Ranch, CA 91381, United States",Dogs allowed,,ChIJd20tA8-GwoAR4DGNRQDJWUM
2026-08-02 21:08:33,Info/Office,pavilionplace027@newapthome.com,+16614638493,General Contact,IMT Stevenson Ranch,https://www.imtresidential.com/properties/imt-stevenson-ranch/?utm_source=google&utm_medium=organic,"Apartment complex, Apartment building, Apartment rental agency",287,4.1,"25399 The Old Rd, Stevenson Ranch, CA 91381, United States",Dogs allowed,,ChIJd20tA8-GwoAR4DGNRQDJWUM
2026-08-02 21:08:33,Info/Office,pavilionplace@imtresidential.com,+16614638493,General Contact,IMT Stevenson Ranch,https://www.imtresidential.com/properties/imt-stevenson-ranch/?utm_source=google&utm_medium=organic,"Apartment complex, Apartment building, Apartment rental agency",287,4.1,"25399 The Old Rd, Stevenson Ranch, CA 91381, United States",Dogs allowed,,ChIJd20tA8-GwoAR4DGNRQDJWUM
2026-08-02 21:08:33,Info/Office,valleyheart016@newapthome.com,+16614638493,General Contact,IMT Stevenson Ranch,https://www.imtresidential.com/properties/imt-stevenson-ranch/?utm_source=google&utm_medium=organic,"Apartment complex, Apartment building, Apartment rental agency",287,4.1,"25399 The Old Rd, Stevenson Ranch, CA 91381, United States",Dogs allowed,,ChIJd20tA8-GwoAR4DGNRQDJWUM
2026-08-02 21:08:33,Info/Office,webservices@servpronet.com,+16616366168,General Contact,SERVPRO of Santa Clarita Valley,https://www.servpro.com/locations/ca/servpro-of-santa-clarita-valley?utm_medium=organic&utm_source=gbp,"Water damage restoration service, Air duct cleaning service, Building restoration service, Carpet cleaning service, Cleaners, Crime victim service, Debris removal service, Fire damage restoration service, Waste management service",216,4.8,"25590 Avenue Stanford, Valencia, CA 91355, United States",,,ChIJj_COf0d-woARmO5B6DeuuU0
2026-08-02 21:08:33,Info/Office,info@heritagelsg.com,+16615428200,General Contact,Heritage Landscape Supply,https://www.heritagelandscapesupplygroup.com/en/distributor-network/ISSSCTA/,Irrigation equipment supplier,21,4.7,"27772 Avenue Scott, Santa Clarita, CA 91355, United States",,,ChIJ4_lY4-R9woAR-rnzqys6uwg
2026-08-02 21:08:33,Info/Office,privacy@aquaflo.com,+16612570909,General Contact,Aqua-Flo Supply,https://www.aquaflo.com/santa-clarita,"Landscaping supply store, Construction equipment supplier, Irrigation equipment supplier, Landscape lighting designer, Lawn irrigation equipment supplier, Plumbing supply store, Swimming pool supply store, Water works equipment supplier",83,4.9,"28317 Kelly Johnson Pkwy, Santa Clarita, CA 91355, United States",,,ChIJMZaEy_19woAREeVtmHmUKKM
2026-08-02 21:08:33,Info/Office,bob@hornsrestore.com,+16613828939,General Contact,Horn's Water Restoration Inc,https://www.hornswaterrestoration.com/,"Water damage restoration service, Fire damage restoration service",18,5.0,"27823 Smyth Dr Ste 100, Valencia, CA 91355, United States",,,ChIJRR_2IevW4EYRwma-TU_BaRQ
2026-08-02 21:08:33,Info/Office,info@hornsrestore.com,+16613828939,General Contact,Horn's Water Restoration Inc,https://www.hornswaterrestoration.com/,"Water damage restoration service, Fire damage restoration service",18,5.0,"27823 Smyth Dr Ste 100, Valencia, CA 91355, United States",,,ChIJRR_2IevW4EYRwma-TU_BaRQ
2026-08-02 21:08:33,Info/Office,care@pmpmanage.com,+16612954900,General Contact,"PMP Management - Valencia, CA",https://pmpmanage.com/,Property management company,406,3.9,"25124 Springfield Ct Suite 220, Valencia, CA 91355, United States",,,ChIJhQDYLE2HwoARSumEJgT_qNM
2026-08-02 21:08:33,Info/Office,service@callallheart.com,+16615204017,General Contact,"All Heart Heating, Cooling & Plumbing",https://callallheart.com/?utm_medium=organic&utm_source=google&utm_campaign=gbp_santa_clarita,"Air conditioning contractor, Heating contractor, HVAC contractor, Plumber",289,4.9,"18345 Sierra Hwy #11, Santa Clarita, CA 91351, United States",,,ChIJC71Vh-mJwoARdgMPgPkNUvE
2026-08-02 21:08:33,Info/Office,info@bighaservice.com,+17472345044,General Contact,BIG H & A,https://bighaservice.com/,"HVAC contractor, Air conditioning contractor, Air conditioning repair service, Service establishment",469,4.9,,,,ChIJZbeAtFOVwoARLnJVZ37By4I
2026-08-02 21:08:33,Info/Office,service@gwrichardsonac.com,+16612950115,General Contact,GW Richardson Heating & Air,https://www.gwrichardsonac.com/,"Air conditioning repair service, Air conditioning contractor, Furnace repair service, Heating contractor, HVAC contractor",87,4.8,"28231 Ave Crocker #100, Santa Clarita, CA 91355, United States",,,ChIJT7jsCwR-woARuq8Fu59AOGw
2026-08-02 21:08:33,Info/Office,savealotwaterheaters@gmail.com,+18332728325,General Contact,Save A Lot Water Heaters,http://www.savealotwaterheaters.com/,"Plumber, Service establishment",2,5.0,,,,ChIJGQW88NhaVoMR7ZB0FvieH3U
2026-08-02 21:08:33,Info/Office,whitney@raysserviceinc.com,+18182481888,General Contact,Ray's Service Inc,http://raysserviceinc.com/,"Air conditioning contractor, Air conditioning repair service, Furnace repair service, Heating contractor, HVAC contractor",401,5.0,"27811 Avenue Hopkins Ste 3, Santa Clarita, CA 91355, United States",,,ChIJ4XSSqUvqwoARHb1RdBN2MGk
2026-08-02 21:08:33,Info/Office,kenshipman@perfectclimateair.com,,General Contact,"Perfect Climate Air, Inc.",http://www.perfectclimateair.com/,"Air conditioning contractor, Air conditioning repair service, Furnace repair service, Heating contractor, HVAC contractor",34,5.0,"27959 Smyth Dr, Valencia, CA 91355, United States",,,ChIJB4UKLA-IwoARZO1MGJNI3oo
2026-08-02 21:08:33,Info/Office,wweeiihhuuaanngg@gmail.com,+16615549670,General Contact,Team Pro Restoration Santa Clarita,https://team-prorestoration.com/team-pro-santa-clarita,"Water damage restoration service, Service establishment",52,5.0,,,,ChIJWQJ04lVMbIsR2JJTd8XZsmw
2026-08-02 21:08:33,Info/Office,fusesfv@gmail.com,+17475887674,General Contact,"Fuse Service Electrical, HVAC & Appliance Repair",https://fusesantaclarita.com/,"Electrician, Air conditioning contractor, Appliance repair service, HVAC contractor, Refrigerator repair service",7,5.0,"25352 Fitzgerald Ave, Stevenson Ranch, CA 91381, United States",,,ChIJ2QXyGuKHwoARzTlVrwBnmp0
2026-08-02 21:08:33,Info/Office,powerstarrepair@yahoo.com,+16619771401,General Contact,Powerstar Repair,http://www.powerstarrepair.com/,"HVAC contractor, Service establishment",15,5.0,,,,ChIJjfXRMFmHwoARa49pegXWrV0
2026-08-02 21:08:33,Info/Office,760-256-2570barstowcs@burrtec.comserving,+16612222249,General Contact,Burrtec,https://www.burrtec.com/scv/,Corporate office,56,3.0,"25772 Springbrook Ave, Santa Clarita, CA 91350, United States",,,ChIJ4VYvxZeHwoARac5Ncq8BIYY
2026-08-02 21:08:33,Info/Office,760-340-0417customerserviceco@burrtecdesert.com,+16612222249,General Contact,Burrtec,https://www.burrtec.com/scv/,Corporate office,56,3.0,"25772 Springbrook Ave, Santa Clarita, CA 91350, United States",,,ChIJ4VYvxZeHwoARac5Ncq8BIYY
2026-08-02 21:08:33,Info/Office,barstowcs@burrtec.com,+16612222249,General Contact,Burrtec,https://www.burrtec.com/scv/,Corporate office,56,3.0,"25772 Springbrook Ave, Santa Clarita, CA 91350, United States",,,ChIJ4VYvxZeHwoARac5Ncq8BIYY
2026-08-02 21:08:33,Info/Office,clujan@santaclarita.gov,+16612554395,General Contact,Santa Clarita Mayor,https://santaclarita.gov/city-council/bill-miranda/,City government office,2,3.0,"23920 Valencia Blvd #300, Valencia, CA 91355, United States",,,ChIJNU_mYBaHwoARhNyaSoJa0OQ
2026-08-02 21:08:33,Info/Office,emergencymanagement@santaclarita.gov,+16612554395,General Contact,Santa Clarita Mayor,https://santaclarita.gov/city-council/bill-miranda/,City government office,2,3.0,"23920 Valencia Blvd #300, Valencia, CA 91355, United States",,,ChIJNU_mYBaHwoARhNyaSoJa0OQ
2026-08-02 21:08:33,Info/Office,foviedo@santaclarita.gov,+16612554395,General Contact,Santa Clarita Mayor,https://santaclarita.gov/city-council/bill-miranda/,City government office,2,3.0,"23920 Valencia Blvd #300, Valencia, CA 91355, United States",,,ChIJNU_mYBaHwoARhNyaSoJa0OQ
2026-08-02 21:08:33,Info/Office,jcrawford@santaclarita.gov,+16612554395,General Contact,Santa Clarita Mayor,https://santaclarita.gov/city-council/bill-miranda/,City government office,2,3.0,"23920 Valencia Blvd #300, Valencia, CA 91355, United States",,,ChIJNU_mYBaHwoARhNyaSoJa0OQ
2026-08-02 21:08:33,Info/Office,jmckenna@santaclarita.gov,+16612554395,General Contact,Santa Clarita Mayor,https://santaclarita.gov/city-council/bill-miranda/,City government office,2,3.0,"23920 Valencia Blvd #300, Valencia, CA 91355, United States",,,ChIJNU_mYBaHwoARhNyaSoJa0OQ
2026-08-02 21:08:33,Info/Office,jprado@santaclarita.gov,+16612554395,General Contact,Santa Clarita Mayor,https://santaclarita.gov/city-council/bill-miranda/,City government office,2,3.0,"23920 Valencia Blvd #300, Valencia, CA 91355, United States",,,ChIJNU_mYBaHwoARhNyaSoJa0OQ
2026-08-02 21:08:33,Info/Office,khobrecker@santaclarita.gov,+16612554395,General Contact,Santa Clarita Mayor,https://santaclarita.gov/city-council/bill-miranda/,City government office,2,3.0,"23920 Valencia Blvd #300, Valencia, CA 91355, United States",,,ChIJNU_mYBaHwoARhNyaSoJa0OQ
2026-08-02 21:08:33,Info/Office,kstriplin@santaclarita.gov,+16612554395,General Contact,Santa Clarita Mayor,https://santaclarita.gov/city-council/bill-miranda/,City government office,2,3.0,"23920 Valencia Blvd #300, Valencia, CA 91355, United States",,,ChIJNU_mYBaHwoARhNyaSoJa0OQ
2026-08-02 21:08:33,Info/Office,mhennawy@santaclarita.gov,+16612554395,General Contact,Santa Clarita Mayor,https://santaclarita.gov/city-council/bill-miranda/,City government office,2,3.0,"23920 Valencia Blvd #300, Valencia, CA 91355, United States",,,ChIJNU_mYBaHwoARhNyaSoJa0OQ
2026-08-02 21:08:33,Info/Office,mvillegas@santaclarita.gov,+16612554395,General Contact,Santa Clarita Mayor,https://santaclarita.gov/city-council/bill-miranda/,City government office,2,3.0,"23920 Valencia Blvd #300, Valencia, CA 91355, United States",,,ChIJNU_mYBaHwoARhNyaSoJa0OQ
2026-08-02 21:08:33,Info/Office,tcole@santaclarita.gov,+16612554395,General Contact,Santa Clarita Mayor,https://santaclarita.gov/city-council/bill-miranda/,City government office,2,3.0,"23920 Valencia Blvd #300, Valencia, CA 91355, United States",,,ChIJNU_mYBaHwoARhNyaSoJa0OQ
2026-08-02 21:08:33,Info/Office,marc@buildingleakdetection.com,+16619041895,General Contact,Building Leak Detection,https://buildingleakdetection.com/,Building inspector,19,5.0,"27811 Avenue Hopkins Ste 9, Valencia, CA 91355, United States",,,ChIJhdUKN4QIx4YRrp_bF2Haps8
2026-08-02 21:08:33,Info/Office,roofinghands@gmail.com,+16613206955,General Contact,Roofing Hands Renovations,https://roofinghands.com/,"Roofing contractor, Service establishment",134,5.0,,,,ChIJZS8Ej9QvTaIRjQX-cFHg84w
2026-08-02 21:08:33,Info/Office,services@hoaconservices.com,+18007102223,General Contact,"HOA Specialists Construction Services, Inc.",https://www.hoaconservices.com/,Contractor,5,3.4,"23638 Lyons Ave, Santa Clarita, CA 91321, United States",,,ChIJG0xuHpOGwoARBEs2j5Gg3WM
